drg,Description,RW,GMLOS,AMLOS,national_payment_rate
001,HEART TRANSPLANT OR IMPLANT OF HEART ASSIST SYSTEM WITH MCC,28.9651,30.2,39.2,"$170,646.44 "
002,HEART TRANSPLANT OR IMPLANT OF HEART ASSIST SYSTEM WITHOUT MCC,15.931,16.4,19.1,"$93,856.69 "
3,"ECMO OR TRACHEOSTOMY WITH MV >96 HOURS OR PRINCIPAL DIAGNOSIS EXCEPT FACE, MOUTH AND NECK WITH MAJOR O.R. PROCEDURES",18.9911,22.4,30.2,"$111,885.12 "
4,"TRACHEOSTOMY WITH MV >96 HOURS OR PRINCIPAL DIAGNOSIS EXCEPT FACE, MOUTH AND NECK WITHOUT MAJOR O.R. PROCEDURES",11.862,19.9,24.5,"$69,884.38 "
005,LIVER TRANSPLANT WITH MCC OR INTESTINAL TRANSPLANT,10.2233,14.4,19.4,"$60,230.06 "
006,LIVER TRANSPLANT WITHOUT MCC,4.6917,7.5,8.1,"$27,640.92 "
007,LUNG TRANSPLANT,11.5743,17.4,20.8,"$68,189.41 "
008,SIMULTANEOUS PANCREAS AND KIDNEY TRANSPLANT,5.4268,9,10.2,"$31,971.72 "
010,PANCREAS TRANSPLANT,3.6177,8,9.1,"$21,313.50 "
011,"TRACHEOSTOMY FOR FACE, MOUTH AND NECK DIAGNOSES OR LARYNGECTOMY WITH MCC",5.0164,10.9,13.8,"$29,553.87 "
012,"TRACHEOSTOMY FOR FACE, MOUTH AND NECK DIAGNOSES OR LARYNGECTOMY WITH CC",3.8319,8.3,9.4,"$22,575.45 "
013,"TRACHEOSTOMY FOR FACE, MOUTH AND NECK DIAGNOSES OR LARYNGECTOMY WITHOUT CC/MCC",2.7205,6,6.8,"$16,027.69 "
014,ALLOGENEIC BONE MARROW TRANSPLANT,12.7788,24.1,27.2,"$75,285.66 "
016,AUTOLOGOUS BONE MARROW TRANSPLANT WITH CC/MCC,6.7262,17.1,18.3,"$39,627.07 "
017,AUTOLOGOUS BONE MARROW TRANSPLANT WITHOUT CC/MCC,4.8302,8.9,11.6,"$28,456.88 "
018,CHIMERIC ANTIGEN RECEPTOR (CAR) T-CELL IMMUNOTHERAPY,37.329,15.6,17.6,"$219,921.94 "
019,SIMULTANEOUS PANCREAS AND KIDNEY TRANSPLANT WITH HEMODIALYSIS,6.6619,11,12.9,"$39,248.25 "
020,INTRACRANIAL VASCULAR PROCEDURES WITH PRINCIPAL DIAGNOSIS HEMORRHAGE WITH MCC,10.3201,12.7,16.1,"$60,800.35 "
021,INTRACRANIAL VASCULAR PROCEDURES WITH PRINCIPAL DIAGNOSIS HEMORRHAGE WITH CC,7.5316,10,12.3,"$44,372.04 "
022,INTRACRANIAL VASCULAR PROCEDURES WITH PRINCIPAL DIAGNOSIS HEMORRHAGE WITHOUT CC/MCC,4.8596,4,5.8,"$28,630.09 "
23,CRANIOTOMY WITH MAJOR DEVICE IMPLANT OR ACUTE COMPLEX CNS PRINCIPAL DIAGNOSIS WITH MCC OR CHEMOTHERAPY IMPLANT OR EPILEPSY WITH NEUROSTIMULATOR,5.6623,7.1,9.8,"$33,359.16 "
24,CRANIOTOMY WITH MAJOR DEVICE IMPLANT OR ACUTE COMPLEX CNS PRINCIPAL DIAGNOSIS WITHOUT MCC,3.9325,4.1,5.2,"$23,168.13 "
25,CRANIOTOMY AND ENDOVASCULAR INTRACRANIAL PROCEDURES WITH MCC,4.4917,6.6,8.8,"$26,462.63 "
26,CRANIOTOMY AND ENDOVASCULAR INTRACRANIAL PROCEDURES WITH CC,3.058,3.8,5.3,"$18,016.05 "
27,CRANIOTOMY AND ENDOVASCULAR INTRACRANIAL PROCEDURES WITHOUT CC/MCC,2.5118,1.9,2.5,"$14,798.14 "
28,SPINAL PROCEDURES WITH MCC,5.82,9.3,12.2,"$34,288.24 "
29,SPINAL PROCEDURES WITH CC OR SPINAL NEUROSTIMULATORS,3.295,4.5,6,"$19,412.33 "
30,SPINAL PROCEDURES WITHOUT CC/MCC,2.3571,2.4,3.1,"$13,886.74 "
31,VENTRICULAR SHUNT PROCEDURES WITH MCC,4.3661,7.2,10.3,"$25,722.66 "
32,VENTRICULAR SHUNT PROCEDURES WITH CC,2.2122,3,4.3,"$13,033.07 "
33,VENTRICULAR SHUNT PROCEDURES WITHOUT CC/MCC,1.7207,1.7,2.2,"$10,137.42 "
034,CAROTID ARTERY STENT PROCEDURES WITH MCC,3.9746,4.7,7,"$23,416.16 "
035,CAROTID ARTERY STENT PROCEDURES WITH CC,2.3371,2.1,3,"$13,768.91 "
036,CAROTID ARTERY STENT PROCEDURES WITHOUT CC/MCC,1.8512,1.2,1.4,"$10,906.25 "
037,EXTRACRANIAL PROCEDURES WITH MCC,3.2747,5,7.3,"$19,292.73 "
038,EXTRACRANIAL PROCEDURES WITH CC,1.6573,2.1,3,"$9,763.90 "
039,EXTRACRANIAL PROCEDURES WITHOUT CC/MCC,1.139,1.2,1.4,"$6,710.36 "
40,"PERIPHERAL, CRANIAL NERVE AND OTHER NERVOUS SYSTEM PROCEDURES WITH MCC",3.9578,7.1,10.4,"$23,317.18 "
41,"PERIPHERAL, CRANIAL NERVE AND OTHER NERVOUS SYSTEM PROCEDURES WITH CC OR PERIPHERAL NEUROSTIMULATOR",2.3511,3.9,4.9,"$13,851.39 "
42,"PERIPHERAL, CRANIAL NERVE AND OTHER NERVOUS SYSTEM PROCEDURES WITHOUT CC/MCC",1.8849,2.4,3,"$11,104.79 "
052,SPINAL DISORDERS AND INJURIES WITH CC/MCC,1.8451,4.2,6,"$10,870.31 "
053,SPINAL DISORDERS AND INJURIES WITHOUT CC/MCC,1.1361,2.8,3.7,"$6,693.28 "
54,NERVOUS SYSTEM NEOPLASMS WITH MCC,1.3658,3.8,5.2,"$8,046.54 "
55,NERVOUS SYSTEM NEOPLASMS WITHOUT MCC,1.0434,3,4.1,"$6,147.14 "
56,DEGENERATIVE NERVOUS SYSTEM DISORDERS WITH MCC,2.1873,5.5,8.3,"$12,886.37 "
57,DEGENERATIVE NERVOUS SYSTEM DISORDERS WITHOUT MCC,1.2642,3.9,5.8,"$7,447.97 "
058,MULTIPLE SCLEROSIS AND CEREBELLAR ATAXIA WITH MCC,1.7367,4.9,7.1,"$10,231.68 "
059,MULTIPLE SCLEROSIS AND CEREBELLAR ATAXIA WITH CC,1.1265,3.6,4.6,"$6,636.72 "
060,MULTIPLE SCLEROSIS AND CEREBELLAR ATAXIA WITHOUT CC/MCC,0.9156,3,3.6,"$5,394.21 "
061,"ISCHEMIC STROKE, PRECEREBRAL OCCLUSION OR TRANSIENT ISCHEMIA WITH THROMBOLYTIC AGENT WITH MCC",2.8882,4.7,6.2,"$17,015.69 "
062,"ISCHEMIC STROKE, PRECEREBRAL OCCLUSION OR TRANSIENT ISCHEMIA WITH THROMBOLYTIC AGENT WITH CC",1.9872,3.2,3.7,"$11,707.49 "
063,"ISCHEMIC STROKE, PRECEREBRAL OCCLUSION OR TRANSIENT ISCHEMIA WITH THROMBOLYTIC AGENT WITHOUT CC/MCC",1.7099,2.3,2.6,"$10,073.79 "
64,INTRACRANIAL HEMORRHAGE OR CEREBRAL INFARCTION WITH MCC,1.913,4.4,6.1,"$11,270.34 "
65,INTRACRANIAL HEMORRHAGE OR CEREBRAL INFARCTION WITH CC OR TPA IN 24 HOURS,1.0182,2.9,3.6,"$5,998.67 "
66,INTRACRANIAL HEMORRHAGE OR CEREBRAL INFARCTION WITHOUT CC/MCC,0.7109,2,2.4,"$4,188.23 "
067,NONSPECIFIC CVA AND PRECEREBRAL OCCLUSION WITHOUT INFARCTION WITH MCC,1.4246,3.3,4.4,"$8,392.96 "
068,NONSPECIFIC CVA AND PRECEREBRAL OCCLUSION WITHOUT INFARCTION WITHOUT MCC,0.8886,2.1,2.6,"$5,235.14 "
069,TRANSIENT ISCHEMIA WITHOUT THROMBOLYTIC,0.7861,2,2.5,"$4,631.27 "
70,NONSPECIFIC CEREBROVASCULAR DISORDERS WITH MCC,1.6764,4.5,6.2,"$9,876.43 "
71,NONSPECIFIC CEREBROVASCULAR DISORDERS WITH CC,1.0108,3.3,4.3,"$5,955.08 "
72,NONSPECIFIC CEREBROVASCULAR DISORDERS WITHOUT CC/MCC,0.7712,2.3,2.9,"$4,543.49 "
073,CRANIAL AND PERIPHERAL NERVE DISORDERS WITH MCC,1.4494,3.7,5.1,"$8,539.07 "
074,CRANIAL AND PERIPHERAL NERVE DISORDERS WITHOUT MCC,1.0184,2.9,3.7,"$5,999.85 "
075,VIRAL MENINGITIS WITH CC/MCC,1.626,4.7,6.1,"$9,579.50 "
076,VIRAL MENINGITIS WITHOUT CC/MCC,0.9809,3,3.6,"$5,778.92 "
077,HYPERTENSIVE ENCEPHALOPATHY WITH MCC,1.5319,4,5.2,"$9,025.11 "
078,HYPERTENSIVE ENCEPHALOPATHY WITH CC,0.949,2.8,3.5,"$5,590.99 "
079,HYPERTENSIVE ENCEPHALOPATHY WITHOUT CC/MCC,0.7268,2,2.4,"$4,281.91 "
080,NONTRAUMATIC STUPOR AND COMA WITH MCC,2.092,5.1,7.5,"$12,324.91 "
081,NONTRAUMATIC STUPOR AND COMA WITHOUT MCC,0.772,2.5,3.3,"$4,548.20 "
082,TRAUMATIC STUPOR AND COMA >1 HOUR WITH MCC,2.2581,4.2,6.4,"$13,303.48 "
083,TRAUMATIC STUPOR AND COMA >1 HOUR WITH CC,1.3417,3.3,4.3,"$7,904.56 "
084,TRAUMATIC STUPOR AND COMA >1 HOUR WITHOUT CC/MCC,0.9042,2.1,2.6,"$5,327.05 "
85,TRAUMATIC STUPOR AND COMA <1 HOUR WITH MCC,2.3064,4.6,6.5,"$13,588.04 "
86,TRAUMATIC STUPOR AND COMA <1 HOUR WITH CC,1.2729,3,3.9,"$7,499.23 "
87,TRAUMATIC STUPOR AND COMA <1 HOUR WITHOUT CC/MCC,0.8626,2,2.4,"$5,081.96 "
088,CONCUSSION WITH MCC,1.4593,3.6,4.7,"$8,597.39 "
089,CONCUSSION WITH CC,1.0612,2.7,3.3,"$6,252.01 "
090,CONCUSSION WITHOUT CC/MCC,0.8548,1.9,2.3,"$5,036.01 "
91,OTHER DISORDERS OF NERVOUS SYSTEM WITH MCC,1.6489,4.2,5.8,"$9,714.41 "
92,OTHER DISORDERS OF NERVOUS SYSTEM WITH CC,0.9861,3,3.9,"$5,809.56 "
93,OTHER DISORDERS OF NERVOUS SYSTEM WITHOUT CC/MCC,0.7813,2.2,2.8,"$4,602.99 "
094,BACTERIAL AND TUBERCULOUS INFECTIONS OF NERVOUS SYSTEM WITH MCC,3.6331,8,10.7,"$21,404.23 "
095,BACTERIAL AND TUBERCULOUS INFECTIONS OF NERVOUS SYSTEM WITH CC,2.508,5.8,7.2,"$14,775.76 "
096,BACTERIAL AND TUBERCULOUS INFECTIONS OF NERVOUS SYSTEM WITHOUT CC/MCC,2.3315,4.2,5,"$13,735.92 "
097,NON-BACTERIAL INFECTION OF NERVOUS SYSTEM EXCEPT VIRAL MENINGITIS WITH MCC,3.7526,8.7,11.9,"$22,108.26 "
098,NON-BACTERIAL INFECTION OF NERVOUS SYSTEM EXCEPT VIRAL MENINGITIS WITH CC,2.1109,5.6,7.3,"$12,436.26 "
099,NON-BACTERIAL INFECTION OF NERVOUS SYSTEM EXCEPT VIRAL MENINGITIS WITHOUT CC/MCC,1.3973,3.9,4.7,"$8,232.12 "
100,SEIZURES WITH MCC,1.8736,4.3,6,"$11,038.22 "
101,SEIZURES WITHOUT MCC,0.887,2.6,3.4,"$5,225.72 "
102,HEADACHES WITH MCC,1.1517,3,4.1,"$6,785.18 "
103,HEADACHES WITHOUT MCC,0.8282,2.3,3,"$4,879.30 "
113,ORBITAL PROCEDURES WITH CC/MCC,2.1918,4.5,6.3,"$12,912.88 "
114,ORBITAL PROCEDURES WITHOUT CC/MCC,1.4455,2.3,2.8,"$8,516.09 "
115,EXTRAOCULAR PROCEDURES EXCEPT ORBIT,1.4533,3.5,4.5,"$8,562.04 "
116,INTRAOCULAR PROCEDURES WITH CC/MCC,1.8772,4.1,6.1,"$11,059.43 "
117,INTRAOCULAR PROCEDURES WITHOUT CC/MCC,1.0389,2.1,2.8,"$6,120.63 "
121,ACUTE MAJOR EYE INFECTIONS WITH CC/MCC,1.1887,4.2,5.5,"$7,003.17 "
122,ACUTE MAJOR EYE INFECTIONS WITHOUT CC/MCC,0.6438,3,3.8,"$3,792.92 "
123,NEUROLOGICAL EYE DISORDERS,0.7653,2,2.5,"$4,508.73 "
124,OTHER DISORDERS OF THE EYE WITH MCC,1.3988,3.7,5.1,"$8,240.96 "
125,OTHER DISORDERS OF THE EYE WITHOUT MCC,0.8354,2.5,3.3,"$4,921.72 "
130,MAJOR HEAD & NECK PROCEDURES W/O CC/MCC,,,,"$68,623.00 "
131,CRANIAL/FACIAL PROCEDURES W CC/MCC,,,,"$106,087.00 "
132,CRANIAL/FACIAL PROCEDURES W/O CC/MCC,,,,"$47,349.25 "
133,"OTHER EAR, NOSE, MOUTH & THROAT O.R. PROCEDURES W CC/MCC",,,,"$72,142.00 "
134,"OTHER EAR, NOSE, MOUTH & THROAT O.R. PROCEDURES W/O CC/MCC",,,,"$29,632.30 "
135,SINUS AND MASTOID PROCEDURES WITH CC/MCC,2.1406,4,5.7,"$12,611.24 "
136,SINUS AND MASTOID PROCEDURES WITHOUT CC/MCC,1.2555,1.6,2.2,"$7,396.72 "
137,MOUTH PROCEDURES WITH CC/MCC,1.4686,3.8,5,"$8,652.18 "
138,MOUTH PROCEDURES WITHOUT CC/MCC,0.8431,2,2.4,"$4,967.08 "
139,SALIVARY GLAND PROCEDURES,1.2268,2.3,3.2,"$7,227.63 "
140,MAJOR HEAD AND NECK PROCEDURES WITH MCC,3.9806,7,9.2,"$23,451.51 "
141,MAJOR HEAD AND NECK PROCEDURES WITH CC,2.2075,3.3,4.4,"$13,005.38 "
142,MAJOR HEAD AND NECK PROCEDURES WITHOUT CC/MCC,1.6088,2.1,2.7,"$9,478.16 "
143,"OTHER EAR, NOSE, MOUTH AND THROAT O.R. PROCEDURES WITH MCC",2.9638,5.8,8,"$17,461.08 "
144,"OTHER EAR, NOSE, MOUTH AND THROAT O.R. PROCEDURES WITH CC",1.7505,3.1,4.2,"$10,312.98 "
145,"OTHER EAR, NOSE, MOUTH AND THROAT O.R. PROCEDURES WITHOUT CC/MCC",1.2135,1.9,2.4,"$7,149.27 "
146,"EAR, NOSE, MOUTH AND THROAT MALIGNANCY WITH MCC",2.0331,5,7.4,"$11,977.91 "
147,"EAR, NOSE, MOUTH AND THROAT MALIGNANCY WITH CC",1.3011,3.4,4.9,"$7,665.37 "
148,"EAR, NOSE, MOUTH AND THROAT MALIGNANCY WITHOUT CC/MCC",0.7863,2.1,3,"$4,632.45 "
149,DYSEQUILIBRIUM,0.7355,2,2.4,"$4,333.16 "
150,EPISTAXIS WITH MCC,1.3247,3.4,4.6,"$7,804.40 "
151,EPISTAXIS WITHOUT MCC,0.737,2.1,2.6,"$4,342.00 "
152,OTITIS MEDIA AND URI WITH MCC,1.0769,3.1,4,"$6,344.50 "
153,OTITIS MEDIA AND URI WITHOUT MCC,0.7106,2.3,2.8,"$4,186.46 "
154,"OTHER EAR, NOSE, MOUTH AND THROAT DIAGNOSES WITH MCC",1.5425,3.9,5.3,"$9,087.56 "
155,"OTHER EAR, NOSE, MOUTH AND THROAT DIAGNOSES WITH CC",0.9068,2.8,3.5,"$5,342.37 "
156,"OTHER EAR, NOSE, MOUTH AND THROAT DIAGNOSES WITHOUT CC/MCC",0.6576,2.1,2.5,"$3,874.22 "
157,DENTAL AND ORAL DISEASES WITH MCC,1.5724,4.3,5.8,"$9,263.72 "
158,DENTAL AND ORAL DISEASES WITH CC,0.8891,2.7,3.4,"$5,238.09 "
159,DENTAL AND ORAL DISEASES WITHOUT CC/MCC,0.6558,2,2.4,"$3,863.61 "
163,MAJOR CHEST PROCEDURES WITH MCC,4.9611,9.1,11.7,"$29,228.07 "
164,MAJOR CHEST PROCEDURES WITH CC,2.6392,4.4,5.4,"$15,548.71 "
165,MAJOR CHEST PROCEDURES WITHOUT CC/MCC,1.9136,2.6,3.1,"$11,273.88 "
166,OTHER RESPIRATORY SYSTEM O.R. PROCEDURES WITH MCC,3.7913,8,10.6,"$22,336.25 "
167,OTHER RESPIRATORY SYSTEM O.R. PROCEDURES WITH CC,1.8619,3.7,5,"$10,969.29 "
168,OTHER RESPIRATORY SYSTEM O.R. PROCEDURES WITHOUT CC/MCC,1.3691,2.1,2.6,"$8,065.98 "
175,PULMONARY EMBOLISM WITH MCC OR ACUTE COR PULMONALE,1.5442,4.1,5.1,"$9,097.58 "
176,PULMONARY EMBOLISM WITHOUT MCC,0.8867,2.6,3.2,"$5,223.95 "
177,RESPIRATORY INFECTIONS AND INFLAMMATIONS WITH MCC,1.8453,5.4,6.8,"$10,871.49 "
178,RESPIRATORY INFECTIONS AND INFLAMMATIONS WITH CC,1.2059,4,5,"$7,104.50 "
179,RESPIRATORY INFECTIONS AND INFLAMMATIONS WITHOUT CC/MCC,0.8711,3,3.7,"$5,132.04 "
180,RESPIRATORY NEOPLASMS WITH MCC,1.7378,4.9,6.4,"$10,238.16 "
181,RESPIRATORY NEOPLASMS WITH CC,1.1209,3.3,4.2,"$6,603.73 "
182,RESPIRATORY NEOPLASMS WITHOUT CC/MCC,0.7875,2.2,2.7,"$4,639.52 "
183,MAJOR CHEST TRAUMA WITH MCC,1.5556,4.3,5.5,"$9,164.74 "
184,MAJOR CHEST TRAUMA WITH CC,1.0394,3.1,3.7,"$6,123.57 "
185,MAJOR CHEST TRAUMA WITHOUT CC/MCC,0.7736,2.4,2.8,"$4,557.63 "
186,PLEURAL EFFUSION WITH MCC,1.5432,4.3,5.6,"$9,091.69 "
187,PLEURAL EFFUSION WITH CC,1.0322,3.2,4,"$6,081.15 "
188,PLEURAL EFFUSION WITHOUT CC/MCC,0.7281,2.4,3,"$4,289.56 "
189,PULMONARY EDEMA AND RESPIRATORY FAILURE,1.2248,3.6,4.6,"$7,215.85 "
190,CHRONIC OBSTRUCTIVE PULMONARY DISEASE WITH MCC,1.1239,3.6,4.4,"$6,621.40 "
191,CHRONIC OBSTRUCTIVE PULMONARY DISEASE WITH CC,0.8831,2.9,3.5,"$5,202.74 "
192,CHRONIC OBSTRUCTIVE PULMONARY DISEASE WITHOUT CC/MCC,0.6949,2.4,2.8,"$4,093.97 "
193,SIMPLE PNEUMONIA AND PLEURISY WITH MCC,1.3107,4.1,5.1,"$7,721.92 "
194,SIMPLE PNEUMONIA AND PLEURISY WITH CC,0.863,3.1,3.7,"$5,084.32 "
195,SIMPLE PNEUMONIA AND PLEURISY WITHOUT CC/MCC,0.665,2.5,2.9,"$3,917.81 "
196,INTERSTITIAL LUNG DISEASE WITH MCC,1.7361,4.8,6.4,"$10,228.15 "
197,INTERSTITIAL LUNG DISEASE WITH CC,1.0056,3.2,4,"$5,924.44 "
198,INTERSTITIAL LUNG DISEASE WITHOUT CC/MCC,0.7423,2.4,2.9,"$4,373.22 "
199,PNEUMOTHORAX WITH MCC,1.7876,5.1,6.6,"$10,531.56 "
200,PNEUMOTHORAX WITH CC,1.075,3.2,4,"$6,333.31 "
201,PNEUMOTHORAX WITHOUT CC/MCC,0.7095,2.3,2.9,"$4,179.98 "
202,BRONCHITIS AND ASTHMA WITH CC/MCC,0.9656,3,3.7,"$5,688.78 "
203,BRONCHITIS AND ASTHMA WITHOUT CC/MCC,0.7055,2.3,2.8,"$4,156.42 "
204,RESPIRATORY SIGNS AND SYMPTOMS,0.7925,2.1,2.7,"$4,668.97 "
205,OTHER RESPIRATORY SYSTEM DIAGNOSES WITH MCC,1.6823,4.1,5.7,"$9,911.19 "
206,OTHER RESPIRATORY SYSTEM DIAGNOSES WITHOUT MCC,0.8842,2.5,3.1,"$5,209.22 "
207,RESPIRATORY SYSTEM DIAGNOSIS WITH VENTILATOR SUPPORT >96 HOURS,5.7264,11.9,14,"$33,736.80 "
208,RESPIRATORY SYSTEM DIAGNOSIS WITH VENTILATOR SUPPORT <=96 HOURS,2.5423,4.9,6.8,"$14,977.83 "
215,OTHER HEART ASSIST SYSTEM IMPLANT,11.1579,4.7,7.8,"$65,736.21 "
216,CARDIAC VALVE AND OTHER MAJOR CARDIOTHORACIC PROCEDURES WITH CARDIAC CATHETERIZATION WITH MCC,10.4301,14.2,16.7,"$61,448.41 "
217,CARDIAC VALVE AND OTHER MAJOR CARDIOTHORACIC PROCEDURES WITH CARDIAC CATHETERIZATION WITH CC,6.4928,8.5,9.5,"$38,252.01 "
218,CARDIAC VALVE AND OTHER MAJOR CARDIOTHORACIC PROCEDURES WITH CARDIAC CATHETERIZATION WITHOUT CC/MCC,5.1432,5.8,6.6,"$30,300.91 "
219,CARDIAC VALVE AND OTHER MAJOR CARDIOTHORACIC PROCEDURES WITHOUT CARDIAC CATHETERIZATION WITH MCC,8.0551,8.9,10.9,"$47,456.22 "
220,CARDIAC VALVE AND OTHER MAJOR CARDIOTHORACIC PROCEDURES WITHOUT CARDIAC CATHETERIZATION WITH CC,5.3999,5.9,6.5,"$31,813.24 "
221,CARDIAC VALVE AND OTHER MAJOR CARDIOTHORACIC PROCEDURES WITHOUT CARDIAC CATHETERIZATION WITHOUT CC/MCC,4.5523,3.9,4.5,"$26,819.65 "
222,"CARDIAC DEFIBRILLATOR IMPLANT WITH CARDIAC CATHETERIZATION WITH AMI, HF OR SHOCK WITH MCC",8.4211,9.4,11.4,"$49,612.49 "
223,"CARDIAC DEFIBRILLATOR IMPLANT WITH CARDIAC CATHETERIZATION WITH AMI, HF OR SHOCK WITHOUT MCC",6.2121,5.3,6.5,"$36,598.28 "
224,"CARDIAC DEFIBRILLATOR IMPLANT WITH CARDIAC CATHETERIZATION WITHOUT AMI, HF OR SHOCK WITH MCC",7.3622,7.5,9.2,"$43,374.03 "
225,"CARDIAC DEFIBRILLATOR IMPLANT WITH CARDIAC CATHETERIZATION WITHOUT AMI, HF OR SHOCK WITHOUT MCC",5.6268,4.2,4.9,"$33,150.01 "
226,CARDIAC DEFIBRILLATOR IMPLANT WITHOUT CARDIAC CATHETERIZATION WITH MCC,6.6118,6.3,8.1,"$38,953.09 "
227,CARDIAC DEFIBRILLATOR IMPLANT WITHOUT CARDIAC CATHETERIZATION WITHOUT MCC,5.2519,3.2,4.1,"$30,941.31 "
228,OTHER CARDIOTHORACIC PROCEDURES WITH MCC,6.2153,8.3,10.7,"$36,617.13 "
229,OTHER CARDIOTHORACIC PROCEDURES WITHOUT MCC,3.988,4.1,5.3,"$23,495.10 "
231,CORONARY BYPASS WITH PTCA WITH MCC,8.4902,10.7,12.3,"$50,019.59 "
232,CORONARY BYPASS WITH PTCA WITHOUT MCC,5.8983,7.7,8.5,"$34,749.54 "
233,CORONARY BYPASS WITH CARDIAC CATHETERIZATION WITH MCC,7.7927,11.4,12.7,"$45,910.30 "
234,CORONARY BYPASS WITH CARDIAC CATHETERIZATION WITHOUT MCC,5.3174,8.1,8.7,"$31,327.20 "
235,CORONARY BYPASS WITHOUT CARDIAC CATHETERIZATION WITH MCC,6.0302,8.6,9.8,"$35,526.62 "
236,CORONARY BYPASS WITHOUT CARDIAC CATHETERIZATION WITHOUT MCC,4.0808,6,6.4,"$24,041.83 "
237,Major cardiovascular procedures w MCC/CC ,,,,"$29,859.00 "
238,MAJOR CARDIOVASC PROCEDURES W/O MCC,,,,"$20,109.00 "
239,AMPUTATION FOR CIRCULATORY SYSTEM DISORDERS EXCEPT UPPER LIMB AND TOE WITH MCC,4.8087,10.4,13.2,"$28,330.22 "
240,AMPUTATION FOR CIRCULATORY SYSTEM DISORDERS EXCEPT UPPER LIMB AND TOE WITH CC,2.7899,7,8.6,"$16,436.56 "
241,AMPUTATION FOR CIRCULATORY SYSTEM DISORDERS EXCEPT UPPER LIMB AND TOE WITHOUT CC/MCC,1.5914,4.4,5.2,"$9,375.65 "
242,PERMANENT CARDIAC PACEMAKER IMPLANT WITH MCC,3.7225,5.2,6.7,"$21,930.92 "
243,PERMANENT CARDIAC PACEMAKER IMPLANT WITH CC,2.5326,3.1,3.8,"$14,920.69 "
244,PERMANENT CARDIAC PACEMAKER IMPLANT WITHOUT CC/MCC,2.0657,2.2,2.6,"$12,169.97 "
245,AICD GENERATOR PROCEDURES,5.414,4.7,6.5,"$31,896.31 "
246,PERCUTANEOUS CARDIOVASCULAR PROCEDURES WITH DRUG-ELUTING STENT WITH MCC OR 4+ ARTERIES OR STENTS,3.1257,3.9,5.2,"$18,414.91 "
247,PERCUTANEOUS CARDIOVASCULAR PROCEDURES WITH DRUG-ELUTING STENT WITHOUT MCC,1.9882,2.1,2.5,"$11,713.38 "
248,PERCUTANEOUS CARDIOVASCULAR PROCEDURES WITH NON-DRUG-ELUTING STENT WITH MCC OR 4+ ARTERIES OR STENTS,3.1739,4.6,6.1,"$18,698.87 "
249,PERCUTANEOUS CARDIOVASCULAR PROCEDURES WITH NON-DRUG-ELUTING STENT WITHOUT MCC,1.8793,2.2,2.7,"$11,071.80 "
250,PERCUTANEOUS CARDIOVASCULAR PROCEDURES WITHOUT CORONARY ARTERY STENT WITH MCC,2.5228,3.7,5,"$14,862.95 "
251,PERCUTANEOUS CARDIOVASCULAR PROCEDURES WITHOUT CORONARY ARTERY STENT WITHOUT MCC,1.6598,2.1,2.6,"$9,778.63 "
252,OTHER VASCULAR PROCEDURES WITH MCC,3.3207,5.2,7.5,"$19,563.74 "
253,OTHER VASCULAR PROCEDURES WITH CC,2.6537,4.1,5.4,"$15,634.14 "
254,OTHER VASCULAR PROCEDURES WITHOUT CC/MCC,1.8095,2.1,2.6,"$10,660.58 "
255,UPPER LIMB AND TOE AMPUTATION FOR CIRCULATORY SYSTEM DISORDERS WITH MCC,2.543,6.5,8.2,"$14,981.96 "
256,UPPER LIMB AND TOE AMPUTATION FOR CIRCULATORY SYSTEM DISORDERS WITH CC,1.6431,5,5.9,"$9,680.24 "
257,UPPER LIMB AND TOE AMPUTATION FOR CIRCULATORY SYSTEM DISORDERS WITHOUT CC/MCC,1.161,3.5,4.4,"$6,839.97 "
258,CARDIAC PACEMAKER DEVICE REPLACEMENT WITH MCC,3.2013,5,6.7,"$18,860.30 "
259,CARDIAC PACEMAKER DEVICE REPLACEMENT WITHOUT MCC,2.1202,2.7,3.4,"$12,491.05 "
260,CARDIAC PACEMAKER REVISION EXCEPT DEVICE REPLACEMENT WITH MCC,3.5842,6.4,8.8,"$21,116.14 "
261,CARDIAC PACEMAKER REVISION EXCEPT DEVICE REPLACEMENT WITH CC,1.9913,3.2,4,"$11,731.64 "
262,CARDIAC PACEMAKER REVISION EXCEPT DEVICE REPLACEMENT WITHOUT CC/MCC,1.7081,2.2,2.7,"$10,063.19 "
263,VEIN LIGATION AND STRIPPING,2.3053,4.4,6.5,"$13,581.56 "
264,OTHER CIRCULATORY SYSTEM O.R. PROCEDURES,3.2478,6.5,9.2,"$19,134.25 "
265,AICD LEAD PROCEDURES,3.3627,3.7,5.2,"$19,811.18 "
266,ENDOVASCULAR CARDIAC VALVE REPLACEMENT AND SUPPLEMENT PROCEDURES WITH MCC,7.0972,3.2,5.3,"$41,812.80 "
267,ENDOVASCULAR CARDIAC VALVE REPLACEMENT AND SUPPLEMENT PROCEDURES WITHOUT MCC,5.6009,1.7,2.1,"$32,997.42 "
268,AORTIC AND HEART ASSIST PROCEDURES EXCEPT PULSATION BALLOON WITH MCC,6.9546,6.3,9.3,"$40,972.68 "
269,AORTIC AND HEART ASSIST PROCEDURES EXCEPT PULSATION BALLOON WITHOUT MCC,4.3146,1.6,2.2,"$25,419.25 "
270,OTHER MAJOR CARDIOVASCULAR PROCEDURES WITH MCC,5.1816,6.6,9.5,"$30,527.14 "
271,OTHER MAJOR CARDIOVASCULAR PROCEDURES WITH CC,3.5646,4.3,5.7,"$21,000.66 "
272,OTHER MAJOR CARDIOVASCULAR PROCEDURES WITHOUT CC/MCC,2.6888,2,2.6,"$15,840.93 "
273,PERCUTANEOUS AND OTHER INTRACARDIAC PROCEDURES WITH MCC,3.8372,4.3,6.1,"$22,606.67 "
274,PERCUTANEOUS AND OTHER INTRACARDIAC PROCEDURES WITHOUT MCC,3.2854,1.6,2,"$19,355.77 "
280,"ACUTE MYOCARDIAL INFARCTION, DISCHARGED ALIVE WITH MCC",1.6262,4.1,5.4,"$9,580.68 "
281,"ACUTE MYOCARDIAL INFARCTION, DISCHARGED ALIVE WITH CC",0.9321,2.5,3.1,"$5,491.42 "
282,"ACUTE MYOCARDIAL INFARCTION, DISCHARGED ALIVE WITHOUT CC/MCC",0.7255,1.8,2.1,"$4,274.25 "
283,"ACUTE MYOCARDIAL INFARCTION, EXPIRED WITH MCC",1.8646,2.9,4.8,"$10,985.20 "
284,"ACUTE MYOCARDIAL INFARCTION, EXPIRED WITH CC",0.7342,1.6,2.1,"$4,325.50 "
285,"ACUTE MYOCARDIAL INFARCTION, EXPIRED WITHOUT CC/MCC",0.4964,1.2,1.4,"$2,924.52 "
286,"CIRCULATORY DISORDERS EXCEPT AMI, WITH CARDIAC CATHETERIZATION WITH MCC",2.2141,5.3,7,"$13,044.26 "
287,"CIRCULATORY DISORDERS EXCEPT AMI, WITH CARDIAC CATHETERIZATION WITHOUT MCC",1.15,2.3,2.9,"$6,775.17 "
288,ACUTE AND SUBACUTE ENDOCARDITIS WITH MCC,2.681,7.1,9.3,"$15,794.98 "
289,ACUTE AND SUBACUTE ENDOCARDITIS WITH CC,1.6426,5.3,6.7,"$9,677.30 "
290,ACUTE AND SUBACUTE ENDOCARDITIS WITHOUT CC/MCC,1.0236,3.6,4.5,"$6,030.49 "
291,HEART FAILURE AND SHOCK WITH MCC,1.3409,4,5.1,"$7,899.85 "
292,HEART FAILURE AND SHOCK WITH CC,0.8951,3.1,3.8,"$5,273.44 "
293,HEART FAILURE AND SHOCK WITHOUT CC/MCC,0.6526,2.3,2.8,"$3,844.76 "
294,DEEP VEIN THROMBOPHLEBITIS WITH CC/MCC,1.2821,3.3,4.4,"$7,553.43 "
295,DEEP VEIN THROMBOPHLEBITIS WITHOUT CC/MCC,0.9813,2.6,3.3,"$5,781.28 "
296,"CARDIAC ARREST, UNEXPLAINED WITH MCC",1.5948,2,3.2,"$9,395.68 "
297,"CARDIAC ARREST, UNEXPLAINED WITH CC",0.7046,1.3,1.7,"$4,151.12 "
298,"CARDIAC ARREST, UNEXPLAINED WITHOUT CC/MCC",0.4882,1.1,1.1,"$2,876.21 "
299,PERIPHERAL VASCULAR DISORDERS WITH MCC,1.5314,3.9,5.2,"$9,022.17 "
300,PERIPHERAL VASCULAR DISORDERS WITH CC,1.0422,3.1,4,"$6,140.07 "
301,PERIPHERAL VASCULAR DISORDERS WITHOUT CC/MCC,0.7425,2.2,2.7,"$4,374.40 "
302,ATHEROSCLEROSIS WITH MCC,1.0935,2.7,3.7,"$6,442.30 "
303,ATHEROSCLEROSIS WITHOUT MCC,0.6764,1.9,2.3,"$3,984.98 "
304,HYPERTENSION WITH MCC,1.0956,2.9,3.8,"$6,454.67 "
305,HYPERTENSION WITHOUT MCC,0.7385,2.2,2.7,"$4,350.84 "
306,CARDIAC CONGENITAL AND VALVULAR DISORDERS WITH MCC,1.5037,3.7,5.1,"$8,858.97 "
307,CARDIAC CONGENITAL AND VALVULAR DISORDERS WITHOUT MCC,0.8684,2.4,3,"$5,116.14 "
308,CARDIAC ARRHYTHMIA AND CONDUCTION DISORDERS WITH MCC,1.1993,3.5,4.5,"$7,065.62 "
309,CARDIAC ARRHYTHMIA AND CONDUCTION DISORDERS WITH CC,0.7494,2.4,2.9,"$4,415.05 "
310,CARDIAC ARRHYTHMIA AND CONDUCTION DISORDERS WITHOUT CC/MCC,0.5584,1.9,2.2,"$3,289.79 "
311,ANGINA PECTORIS,0.697,1.9,2.4,"$4,106.34 "
312,SYNCOPE AND COLLAPSE,0.8372,2.3,2.9,"$4,932.32 "
313,CHEST PAIN,0.7208,1.7,2.1,"$4,246.56 "
314,OTHER CIRCULATORY SYSTEM DIAGNOSES WITH MCC,2.0834,4.8,6.6,"$12,274.25 "
315,OTHER CIRCULATORY SYSTEM DIAGNOSES WITH CC,0.9752,2.8,3.6,"$5,745.34 "
316,OTHER CIRCULATORY SYSTEM DIAGNOSES WITHOUT CC/MCC,0.7495,1.9,2.3,"$4,415.64 "
319,OTHER ENDOVASCULAR CARDIAC VALVE PROCEDURES WITH MCC,4.3158,7.7,10,"$25,426.32 "
320,OTHER ENDOVASCULAR CARDIAC VALVE PROCEDURES WITHOUT MCC,2.4437,2.5,3.6,"$14,396.94 "
326,"STOMACH, ESOPHAGEAL AND DUODENAL PROCEDURES WITH MCC",5.3777,9.7,13.2,"$31,682.45 "
327,"STOMACH, ESOPHAGEAL AND DUODENAL PROCEDURES WITH CC",2.6096,4.7,6.4,"$15,374.33 "
328,"STOMACH, ESOPHAGEAL AND DUODENAL PROCEDURES WITHOUT CC/MCC",1.6655,2.3,2.9,"$9,812.21 "
329,MAJOR SMALL AND LARGE BOWEL PROCEDURES WITH MCC,4.8503,10.2,12.9,"$28,575.30 "
330,MAJOR SMALL AND LARGE BOWEL PROCEDURES WITH CC,2.539,5.6,6.9,"$14,958.39 "
331,MAJOR SMALL AND LARGE BOWEL PROCEDURES WITHOUT CC/MCC,1.7101,3.3,3.8,"$10,074.97 "
332,RECTAL RESECTION WITH MCC,4.1597,7.9,10.2,"$24,506.66 "
333,RECTAL RESECTION WITH CC,2.141,4.1,5.1,"$12,613.59 "
334,RECTAL RESECTION WITHOUT CC/MCC,1.6092,2.5,3,"$9,480.52 "
335,PERITONEAL ADHESIOLYSIS WITH MCC,3.8904,9.3,11.4,"$22,920.10 "
336,PERITONEAL ADHESIOLYSIS WITH CC,2.2829,5.9,7.2,"$13,449.59 "
337,PERITONEAL ADHESIOLYSIS WITHOUT CC/MCC,1.6326,3.7,4.6,"$9,618.38 "
338,APPENDECTOMY WITH COMPLICATED PRINCIPAL DIAGNOSIS WITH MCC,2.7988,6.4,8.1,"$16,488.99 "
339,APPENDECTOMY WITH COMPLICATED PRINCIPAL DIAGNOSIS WITH CC,1.695,4,5,"$9,986.01 "
340,APPENDECTOMY WITH COMPLICATED PRINCIPAL DIAGNOSIS WITHOUT CC/MCC,1.2284,2.4,2.9,"$7,237.06 "
341,APPENDECTOMY WITHOUT COMPLICATED PRINCIPAL DIAGNOSIS WITH MCC,2.3162,4.3,5.8,"$13,645.78 "
342,APPENDECTOMY WITHOUT COMPLICATED PRINCIPAL DIAGNOSIS WITH CC,1.4331,2.7,3.4,"$8,443.04 "
343,APPENDECTOMY WITHOUT COMPLICATED PRINCIPAL DIAGNOSIS WITHOUT CC/MCC,1.1094,1.7,2,"$6,535.97 "
344,MINOR SMALL AND LARGE BOWEL PROCEDURES WITH MCC,2.8009,7,9.2,"$16,501.36 "
345,MINOR SMALL AND LARGE BOWEL PROCEDURES WITH CC,1.5777,4.3,5.4,"$9,294.94 "
346,MINOR SMALL AND LARGE BOWEL PROCEDURES WITHOUT CC/MCC,1.275,3.1,3.6,"$7,511.60 "
347,ANAL AND STOMAL PROCEDURES WITH MCC,2.4616,5.6,7.5,"$14,502.39 "
348,ANAL AND STOMAL PROCEDURES WITH CC,1.3424,3.3,4.1,"$7,908.68 "
349,ANAL AND STOMAL PROCEDURES WITHOUT CC/MCC,0.9793,1.9,2.3,"$5,769.50 "
350,INGUINAL AND FEMORAL HERNIA PROCEDURES WITH MCC,2.4524,5.2,6.9,"$14,448.19 "
351,INGUINAL AND FEMORAL HERNIA PROCEDURES WITH CC,1.4904,3.2,3.9,"$8,780.62 "
352,INGUINAL AND FEMORAL HERNIA PROCEDURES WITHOUT CC/MCC,1.103,2,2.4,"$6,498.27 "
353,HERNIA PROCEDURES EXCEPT INGUINAL AND FEMORAL WITH MCC,3.0083,5.9,7.7,"$17,723.25 "
354,HERNIA PROCEDURES EXCEPT INGUINAL AND FEMORAL WITH CC,1.783,3.6,4.5,"$10,504.46 "
355,HERNIA PROCEDURES EXCEPT INGUINAL AND FEMORAL WITHOUT CC/MCC,1.3592,2.4,2.8,"$8,007.66 "
356,OTHER DIGESTIVE SYSTEM O.R. PROCEDURES WITH MCC,4.2914,7.6,10.4,"$25,282.57 "
357,OTHER DIGESTIVE SYSTEM O.R. PROCEDURES WITH CC,2.2537,4.6,5.9,"$13,277.56 "
358,OTHER DIGESTIVE SYSTEM O.R. PROCEDURES WITHOUT CC/MCC,1.339,2.8,3.5,"$7,888.65 "
368,MAJOR ESOPHAGEAL DISORDERS WITH MCC,1.9423,4.6,5.9,"$11,442.96 "
369,MAJOR ESOPHAGEAL DISORDERS WITH CC,1.0768,3.1,3.7,"$6,343.91 "
370,MAJOR ESOPHAGEAL DISORDERS WITHOUT CC/MCC,0.7476,2.1,2.5,"$4,404.45 "
371,MAJOR GASTROINTESTINAL DISORDERS AND PERITONEAL INFECTIONS WITH MCC,1.7283,5.2,6.8,"$10,182.19 "
372,MAJOR GASTROINTESTINAL DISORDERS AND PERITONEAL INFECTIONS WITH CC,1.0276,3.8,4.7,"$6,054.05 "
373,MAJOR GASTROINTESTINAL DISORDERS AND PERITONEAL INFECTIONS WITHOUT CC/MCC,0.7435,2.9,3.5,"$4,380.29 "
374,DIGESTIVE MALIGNANCY WITH MCC,2.0679,5.5,7.4,"$12,182.93 "
375,DIGESTIVE MALIGNANCY WITH CC,1.2049,3.6,4.6,"$7,098.61 "
376,DIGESTIVE MALIGNANCY WITHOUT CC/MCC,0.8952,2.5,3.1,"$5,274.03 "
377,GASTROINTESTINAL HEMORRHAGE WITH MCC,1.7989,4.4,5.7,"$10,598.13 "
378,GASTROINTESTINAL HEMORRHAGE WITH CC,0.9932,3,3.5,"$5,851.39 "
379,GASTROINTESTINAL HEMORRHAGE WITHOUT CC/MCC,0.6371,2.1,2.4,"$3,753.44 "
380,COMPLICATED PEPTIC ULCER WITH MCC,1.8831,4.9,6.3,"$11,094.19 "
381,COMPLICATED PEPTIC ULCER WITH CC,1.0597,3.2,3.9,"$6,243.17 "
382,COMPLICATED PEPTIC ULCER WITHOUT CC/MCC,0.7683,2.4,2.9,"$4,526.40 "
383,UNCOMPLICATED PEPTIC ULCER WITH MCC,1.3109,3.8,4.8,"$7,723.10 "
384,UNCOMPLICATED PEPTIC ULCER WITHOUT MCC,0.8924,2.5,3.1,"$5,257.53 "
385,INFLAMMATORY BOWEL DISEASE WITH MCC,1.6191,5,6.6,"$9,538.85 "
386,INFLAMMATORY BOWEL DISEASE WITH CC,0.9935,3.5,4.3,"$5,853.16 "
387,INFLAMMATORY BOWEL DISEASE WITHOUT CC/MCC,0.7135,2.6,3.2,"$4,203.55 "
388,GASTROINTESTINAL OBSTRUCTION WITH MCC,1.5118,4.7,6.1,"$8,906.69 "
389,GASTROINTESTINAL OBSTRUCTION WITH CC,0.8218,3.2,3.9,"$4,841.59 "
390,GASTROINTESTINAL OBSTRUCTION WITHOUT CC/MCC,0.5826,2.4,2.8,"$3,432.36 "
391,"ESOPHAGITIS, GASTROENTERITIS AND MISCELLANEOUS DIGESTIVE DISORDERS WITH MCC",1.2444,3.7,4.9,"$7,331.32 "
392,"ESOPHAGITIS, GASTROENTERITIS AND MISCELLANEOUS DIGESTIVE DISORDERS WITHOUT MCC",0.7644,2.6,3.2,"$4,503.42 "
393,OTHER DIGESTIVE SYSTEM DIAGNOSES WITH MCC,1.6536,4.3,6,"$9,742.10 "
394,OTHER DIGESTIVE SYSTEM DIAGNOSES WITH CC,0.9386,3,3.8,"$5,529.71 "
395,OTHER DIGESTIVE SYSTEM DIAGNOSES WITHOUT CC/MCC,0.6497,2.2,2.6,"$3,827.68 "
405,"PANCREAS, LIVER AND SHUNT PROCEDURES WITH MCC",5.7305,9.5,13,"$33,760.95 "
406,"PANCREAS, LIVER AND SHUNT PROCEDURES WITH CC",2.877,5.1,6.4,"$16,949.70 "
407,"PANCREAS, LIVER AND SHUNT PROCEDURES WITHOUT CC/MCC",2.116,3.7,4.4,"$12,466.31 "
408,BILIARY TRACT PROCEDURES EXCEPT ONLY CHOLECYSTECTOMY WITH OR WITHOUT C.D.E. WITH MCC,3.7495,8.4,10.8,"$22,089.99 "
409,BILIARY TRACT PROCEDURES EXCEPT ONLY CHOLECYSTECTOMY WITH OR WITHOUT C.D.E. WITH CC,2.1143,4.8,5.9,"$12,456.29 "
410,BILIARY TRACT PROCEDURES EXCEPT ONLY CHOLECYSTECTOMY WITH OR WITHOUT C.D.E. WITHOUT CC/MCC,1.5657,3.5,4.1,"$9,224.24 "
411,CHOLECYSTECTOMY WITH C.D.E. WITH MCC,3.7524,7.8,9.7,"$22,107.08 "
412,CHOLECYSTECTOMY WITH C.D.E. WITH CC,2.2757,5,6.2,"$13,407.17 "
413,CHOLECYSTECTOMY WITH C.D.E. WITHOUT CC/MCC,1.7314,3.6,4.1,"$10,200.46 "
414,CHOLECYSTECTOMY EXCEPT BY LAPAROSCOPE WITHOUT C.D.E. WITH MCC,3.6255,8,9.9,"$21,359.45 "
415,CHOLECYSTECTOMY EXCEPT BY LAPAROSCOPE WITHOUT C.D.E. WITH CC,2.0319,4.9,5.8,"$11,970.84 "
416,CHOLECYSTECTOMY EXCEPT BY LAPAROSCOPE WITHOUT C.D.E. WITHOUT CC/MCC,1.4222,3,3.6,"$8,378.82 "
417,LAPAROSCOPIC CHOLECYSTECTOMY WITHOUT C.D.E. WITH MCC,2.4235,5.1,6.4,"$14,277.93 "
418,LAPAROSCOPIC CHOLECYSTECTOMY WITHOUT C.D.E. WITH CC,1.6881,3.5,4.2,"$9,945.36 "
419,LAPAROSCOPIC CHOLECYSTECTOMY WITHOUT C.D.E. WITHOUT CC/MCC,1.3152,2.4,2.8,"$7,748.44 "
420,HEPATOBILIARY DIAGNOSTIC PROCEDURES WITH MCC,3.5141,7.3,10.2,"$20,703.14 "
421,HEPATOBILIARY DIAGNOSTIC PROCEDURES WITH CC,1.9089,3.8,5.2,"$11,246.19 "
422,HEPATOBILIARY DIAGNOSTIC PROCEDURES WITHOUT CC/MCC,1.4514,2.7,3.3,"$8,550.85 "
423,OTHER HEPATOBILIARY OR PANCREAS O.R. PROCEDURES WITH MCC,4.179,8.4,11.8,"$24,620.37 "
424,OTHER HEPATOBILIARY OR PANCREAS O.R. PROCEDURES WITH CC,2.2816,4.7,6.3,"$13,441.93 "
425,OTHER HEPATOBILIARY OR PANCREAS O.R. PROCEDURES WITHOUT CC/MCC,1.5433,2.2,2.8,"$9,092.27 "
432,CIRRHOSIS AND ALCOHOLIC HEPATITIS WITH MCC,1.8821,4.7,6.4,"$11,088.30 "
433,CIRRHOSIS AND ALCOHOLIC HEPATITIS WITH CC,1.0285,3.3,4.2,"$6,059.36 "
434,CIRRHOSIS AND ALCOHOLIC HEPATITIS WITHOUT CC/MCC,0.6196,2.2,2.8,"$3,650.34 "
435,MALIGNANCY OF HEPATOBILIARY SYSTEM OR PANCREAS WITH MCC,1.7528,4.8,6.3,"$10,326.53 "
436,MALIGNANCY OF HEPATOBILIARY SYSTEM OR PANCREAS WITH CC,1.1202,3.4,4.3,"$6,599.60 "
437,MALIGNANCY OF HEPATOBILIARY SYSTEM OR PANCREAS WITHOUT CC/MCC,0.8945,2.4,3,"$5,269.90 "
438,DISORDERS OF PANCREAS EXCEPT MALIGNANCY WITH MCC,1.5963,4.6,6.2,"$9,404.52 "
439,DISORDERS OF PANCREAS EXCEPT MALIGNANCY WITH CC,0.8444,3.1,3.8,"$4,974.74 "
440,DISORDERS OF PANCREAS EXCEPT MALIGNANCY WITHOUT CC/MCC,0.6059,2.4,2.8,"$3,569.63 "
441,"DISORDERS OF LIVER EXCEPT MALIGNANCY, CIRRHOSIS OR ALCOHOLIC HEPATITIS WITH MCC",1.8837,4.7,6.4,"$11,097.72 "
442,"DISORDERS OF LIVER EXCEPT MALIGNANCY, CIRRHOSIS OR ALCOHOLIC HEPATITIS WITH CC",0.9316,3.2,4,"$5,488.47 "
443,"DISORDERS OF LIVER EXCEPT MALIGNANCY, CIRRHOSIS OR ALCOHOLIC HEPATITIS WITHOUT CC/MCC",0.6628,2.4,2.9,"$3,904.85 "
444,DISORDERS OF THE BILIARY TRACT WITH MCC,1.6688,4.4,5.7,"$9,831.65 "
445,DISORDERS OF THE BILIARY TRACT WITH CC,1.0768,3,3.8,"$6,343.91 "
446,DISORDERS OF THE BILIARY TRACT WITHOUT CC/MCC,0.8162,2.2,2.6,"$4,808.60 "
453,COMBINED ANTERIOR AND POSTERIOR SPINAL FUSION WITH MCC,9.1936,7.5,9.6,"$54,163.63 "
454,COMBINED ANTERIOR AND POSTERIOR SPINAL FUSION WITH CC,6.0981,3.8,4.4,"$35,926.65 "
455,COMBINED ANTERIOR AND POSTERIOR SPINAL FUSION WITHOUT CC/MCC,4.791,2.4,2.8,"$28,225.94 "
456,"SPINAL FUSION EXCEPT CERVICAL WITH SPINAL CURVATURE, MALIGNANCY, INFECTION OR EXTENSIVE FUSIONS WITH MCC",8.5981,9.5,11.6,"$50,655.28 "
457,"SPINAL FUSION EXCEPT CERVICAL WITH SPINAL CURVATURE, MALIGNANCY, INFECTION OR EXTENSIVE FUSIONS WITH CC",6.502,5.2,6.1,"$38,306.21 "
458,"SPINAL FUSION EXCEPT CERVICAL WITH SPINAL CURVATURE, MALIGNANCY, INFECTION OR EXTENSIVE FUSIONS WITHOUT CC/MCC",5.0174,3,3.4,"$29,559.76 "
459,SPINAL FUSION EXCEPT CERVICAL WITH MCC,6.7318,6.9,8.6,"$39,660.06 "
460,SPINAL FUSION EXCEPT CERVICAL WITHOUT MCC,3.9327,2.7,3.3,"$23,169.31 "
461,BILATERAL OR MULTIPLE MAJOR JOINT PROCEDURES OF LOWER EXTREMITY WITH MCC,6.0762,6.7,9.1,"$35,797.63 "
462,BILATERAL OR MULTIPLE MAJOR JOINT PROCEDURES OF LOWER EXTREMITY WITHOUT MCC,3.1442,2.6,2.9,"$18,523.90 "
463,WOUND DEBRIDEMENT AND SKIN GRAFT EXCEPT HAND FOR MUSCULOSKELETAL AND CONNECTIVE TISSUE DISORDERS WITH MCC,5.3654,9.9,13.4,"$31,609.99 "
464,WOUND DEBRIDEMENT AND SKIN GRAFT EXCEPT HAND FOR MUSCULOSKELETAL AND CONNECTIVE TISSUE DISORDERS WITH CC,2.9745,5.5,7.2,"$17,524.12 "
465,WOUND DEBRIDEMENT AND SKIN GRAFT EXCEPT HAND FOR MUSCULOSKELETAL AND CONNECTIVE TISSUE DISORDERS WITHOUT CC/MCC,1.8436,2.6,3.4,"$10,861.48 "
466,REVISION OF HIP OR KNEE REPLACEMENT WITH MCC,5.345,7,8.8,"$31,489.80 "
467,REVISION OF HIP OR KNEE REPLACEMENT WITH CC,3.5762,3.3,4.1,"$21,069.00 "
468,REVISION OF HIP OR KNEE REPLACEMENT WITHOUT CC/MCC,2.804,1.9,2.2,"$16,519.63 "
469,MAJOR HIP AND KNEE JOINT REPLACEMENT OR REATTACHMENT OF LOWER EXTREMITY WITH MCC OR TOTAL ANKLE REPLACEMENT,3.0844,3.1,4.2,"$18,171.59 "
470,MAJOR HIP AND KNEE JOINT REPLACEMENT OR REATTACHMENT OF LOWER EXTREMITY WITHOUT MCC,1.8999,1.8,2,"$11,193.17 "
471,CERVICAL SPINAL FUSION WITH MCC,5.0168,6.8,9,"$29,556.23 "
472,CERVICAL SPINAL FUSION WITH CC,3.0532,2.5,3.4,"$17,987.78 "
473,CERVICAL SPINAL FUSION WITHOUT CC/MCC,2.5402,1.6,2,"$14,965.46 "
474,AMPUTATION FOR MUSCULOSKELETAL SYSTEM AND CONNECTIVE TISSUE DISORDERS WITH MCC,4.0728,9.4,12,"$23,994.70 "
475,AMPUTATION FOR MUSCULOSKELETAL SYSTEM AND CONNECTIVE TISSUE DISORDERS WITH CC,2.1936,5.8,7.2,"$12,923.48 "
476,AMPUTATION FOR MUSCULOSKELETAL SYSTEM AND CONNECTIVE TISSUE DISORDERS WITHOUT CC/MCC,1.1598,2.9,3.5,"$6,832.90 "
477,BIOPSIES OF MUSCULOSKELETAL SYSTEM AND CONNECTIVE TISSUE WITH MCC,3.3569,8.1,10.1,"$19,777.01 "
478,BIOPSIES OF MUSCULOSKELETAL SYSTEM AND CONNECTIVE TISSUE WITH CC,2.3569,5.2,6.5,"$13,885.56 "
479,BIOPSIES OF MUSCULOSKELETAL SYSTEM AND CONNECTIVE TISSUE WITHOUT CC/MCC,1.8093,3.3,4,"$10,659.40 "
480,HIP AND FEMUR PROCEDURES EXCEPT MAJOR JOINT WITH MCC,3.0245,6.2,7.3,"$17,818.69 "
481,HIP AND FEMUR PROCEDURES EXCEPT MAJOR JOINT WITH CC,2.0955,4.3,4.7,"$12,345.53 "
482,HIP AND FEMUR PROCEDURES EXCEPT MAJOR JOINT WITHOUT CC/MCC,1.6468,3.3,3.6,"$9,702.04 "
483,MAJOR JOINT OR LIMB REATTACHMENT PROCEDURES OF UPPER EXTREMITIES,2.3863,1.4,1.7,"$14,058.77 "
484,OTHER MALE REPRODUCTIVE SYSTEM & RELATED PROCEDURES,,,,"$56,436.90 "
485,KNEE PROCEDURES WITH PRINCIPAL DIAGNOSIS OF INFECTION WITH MCC,3.4076,8,9.6,"$20,075.71 "
486,KNEE PROCEDURES WITH PRINCIPAL DIAGNOSIS OF INFECTION WITH CC,2.1484,5.2,6.1,"$12,657.19 "
487,KNEE PROCEDURES WITH PRINCIPAL DIAGNOSIS OF INFECTION WITHOUT CC/MCC,1.6403,3.6,4.1,"$9,663.75 "
488,KNEE PROCEDURES WITHOUT PRINCIPAL DIAGNOSIS OF INFECTION WITH CC/MCC,1.9746,3.1,4.2,"$11,633.26 "
489,KNEE PROCEDURES WITHOUT PRINCIPAL DIAGNOSIS OF INFECTION WITHOUT CC/MCC,1.2982,1.7,2.1,"$7,648.28 "
490,BACK & NECK PROC EXC SPINAL FUSION W CC/MCC OR DISC DEVICE/NEUROSTIM,,,,"$58,897.23 "
491,BACK & NECK PROC EXC SPINAL FUSION W/O CC/MCC,,,,"$36,679.50 "
492,"LOWER EXTREMITY AND HUMERUS PROCEDURES EXCEPT HIP, FOOT AND FEMUR WITH MCC",3.4682,6.2,7.8,"$20,432.73 "
493,"LOWER EXTREMITY AND HUMERUS PROCEDURES EXCEPT HIP, FOOT AND FEMUR WITH CC",2.3252,4,4.8,"$13,698.80 "
494,"LOWER EXTREMITY AND HUMERUS PROCEDURES EXCEPT HIP, FOOT AND FEMUR WITHOUT CC/MCC",1.8519,2.7,3.2,"$10,910.38 "
495,LOCAL EXCISION AND REMOVAL OF INTERNAL FIXATION DEVICES EXCEPT HIP AND FEMUR WITH MCC,3.6342,7.3,9.6,"$21,410.71 "
496,LOCAL EXCISION AND REMOVAL OF INTERNAL FIXATION DEVICES EXCEPT HIP AND FEMUR WITH CC,1.9856,3.4,4.5,"$11,698.06 "
497,LOCAL EXCISION AND REMOVAL OF INTERNAL FIXATION DEVICES EXCEPT HIP AND FEMUR WITHOUT CC/MCC,1.4587,1.8,2.3,"$8,593.86 "
498,LOCAL EXCISION AND REMOVAL OF INTERNAL FIXATION DEVICES OF HIP AND FEMUR WITH CC/MCC,2.5843,5.6,8,"$15,225.27 "
499,LOCAL EXCISION AND REMOVAL OF INTERNAL FIXATION DEVICES OF HIP AND FEMUR WITHOUT CC/MCC,1.1987,2,2.5,"$7,062.08 "
500,SOFT TISSUE PROCEDURES WITH MCC,3.1539,7.4,9.8,"$18,581.04 "
501,SOFT TISSUE PROCEDURES WITH CC,1.745,4.1,5.3,"$10,280.58 "
502,SOFT TISSUE PROCEDURES WITHOUT CC/MCC,1.3308,2.4,3,"$7,840.34 "
503,FOOT PROCEDURES WITH MCC,2.6287,6.8,8.6,"$15,486.85 "
504,FOOT PROCEDURES WITH CC,1.7739,3.9,4.8,"$10,450.84 "
505,FOOT PROCEDURES WITHOUT CC/MCC,1.7739,3.9,4.8,"$10,450.84 "
506,MAJOR THUMB OR JOINT PROCEDURES,1.4757,3.8,4.9,"$8,694.01 "
507,MAJOR SHOULDER OR ELBOW JOINT PROCEDURES WITH CC/MCC,2.0223,4.7,5.9,"$11,914.28 "
508,MAJOR SHOULDER OR ELBOW JOINT PROCEDURES WITHOUT CC/MCC,1.414,2.3,2.8,"$8,330.51 "
509,ARTHROSCOPY,1.6738,4.1,5.2,"$9,861.11 "
510,"SHOULDER, ELBOW OR FOREARM PROCEDURES, EXCEPT MAJOR JOINT PROCEDURES WITH MCC",2.7307,4.9,6.1,"$16,087.78 "
511,"SHOULDER, ELBOW OR FOREARM PROCEDURES, EXCEPT MAJOR JOINT PROCEDURES WITH CC",1.9685,3.4,4,"$11,597.32 "
512,"SHOULDER, ELBOW OR FOREARM PROCEDURES, EXCEPT MAJOR JOINT PROCEDURES WITHOUT CC/MCC",1.5562,2.1,2.5,"$9,168.27 "
513,"HAND OR WRIST PROCEDURES, EXCEPT MAJOR THUMB OR JOINT PROCEDURES WITH CC/MCC",1.559,4,5.1,"$9,184.77 "
514,"HAND OR WRIST PROCEDURES, EXCEPT MAJOR THUMB OR JOINT PROCEDURES WITHOUT CC/MCC",0.9942,2.4,2.9,"$5,857.28 "
515,OTHER MUSCULOSKELETAL SYSTEM AND CONNECTIVE TISSUE O.R. PROCEDURES WITH MCC,3.137,6.4,8.2,"$18,481.48 "
516,OTHER MUSCULOSKELETAL SYSTEM AND CONNECTIVE TISSUE O.R. PROCEDURES WITH CC,1.9611,3.7,4.6,"$11,553.72 "
517,OTHER MUSCULOSKELETAL SYSTEM AND CONNECTIVE TISSUE O.R. PROCEDURES WITHOUT CC/MCC,1.3967,2.1,2.6,"$8,228.59 "
518,BACK AND NECK PROCEDURES EXCEPT SPINAL FUSION WITH MCC OR DISC DEVICE OR NEUROSTIMULATOR,3.5843,4.2,6.4,"$21,116.72 "
519,BACK AND NECK PROCEDURES EXCEPT SPINAL FUSION WITH CC,1.9577,3.2,4.1,"$11,533.69 "
520,BACK AND NECK PROCEDURES EXCEPT SPINAL FUSION WITHOUT CC/MCC,1.4174,2,2.4,"$8,350.54 "
521,HIP REPLACEMENT WITH PRINCIPAL DIAGNOSIS OF HIP FRACTURE WITH MCC,3.0634,6.2,7.2,"$18,047.87 "
522,HIP REPLACEMENT WITH PRINCIPAL DIAGNOSIS OF HIP FRACTURE WITHOUT MCC,2.1891,4.1,4.5,"$12,896.97 "
533,FRACTURES OF FEMUR WITH MCC,1.4126,4,5.2,"$8,322.26 "
534,FRACTURES OF FEMUR WITHOUT MCC,0.7886,2.8,3.4,"$4,646.00 "
535,FRACTURES OF HIP AND PELVIS WITH MCC,1.2338,3.8,4.7,"$7,268.87 "
536,FRACTURES OF HIP AND PELVIS WITHOUT MCC,0.7716,2.9,3.3,"$4,545.84 "
537,"SPRAINS, STRAINS, AND DISLOCATIONS OF HIP, PELVIS AND THIGH WITH CC/MCC",0.9332,3.1,3.7,"$5,497.90 "
538,"SPRAINS, STRAINS, AND DISLOCATIONS OF HIP, PELVIS AND THIGH WITHOUT CC/MCC",0.7214,2.6,3.1,"$4,250.09 "
539,OSTEOMYELITIS WITH MCC,1.9412,5.9,7.9,"$11,436.48 "
540,OSTEOMYELITIS WITH CC,1.2953,4.3,5.7,"$7,631.20 "
541,OSTEOMYELITIS WITHOUT CC/MCC,0.8406,3.1,3.9,"$4,952.35 "
542,PATHOLOGICAL FRACTURES AND MUSCULOSKELETAL AND CONNECTIVE TISSUE MALIGNANCY WITH MCC,1.8053,5,6.7,"$10,635.83 "
543,PATHOLOGICAL FRACTURES AND MUSCULOSKELETAL AND CONNECTIVE TISSUE MALIGNANCY WITH CC,1.0433,3.5,4.3,"$6,146.55 "
544,PATHOLOGICAL FRACTURES AND MUSCULOSKELETAL AND CONNECTIVE TISSUE MALIGNANCY WITHOUT CC/MCC,0.7762,2.8,3.2,"$4,572.94 "
545,CONNECTIVE TISSUE DISORDERS WITH MCC,2.4995,5.5,7.9,"$14,725.68 "
546,CONNECTIVE TISSUE DISORDERS WITH CC,1.2066,3.5,4.5,"$7,108.62 "
547,CONNECTIVE TISSUE DISORDERS WITHOUT CC/MCC,0.833,2.5,3.1,"$4,907.58 "
548,SEPTIC ARTHRITIS WITH MCC,2.0296,5.7,7.7,"$11,957.29 "
549,SEPTIC ARTHRITIS WITH CC,1.2469,4,5.2,"$7,346.05 "
550,SEPTIC ARTHRITIS WITHOUT CC/MCC,0.8827,3,3.5,"$5,200.38 "
551,MEDICAL BACK PROBLEMS WITH MCC,1.6231,4.3,5.7,"$9,562.41 "
552,MEDICAL BACK PROBLEMS WITHOUT MCC,0.942,2.9,3.6,"$5,549.75 "
553,BONE DISEASES AND ARTHROPATHIES WITH MCC,1.2683,3.9,5,"$7,472.13 "
554,BONE DISEASES AND ARTHROPATHIES WITHOUT MCC,0.7904,2.8,3.3,"$4,656.60 "
555,SIGNS AND SYMPTOMS OF MUSCULOSKELETAL SYSTEM AND CONNECTIVE TISSUE WITH MCC,1.3628,3.8,5,"$8,028.87 "
556,SIGNS AND SYMPTOMS OF MUSCULOSKELETAL SYSTEM AND CONNECTIVE TISSUE WITHOUT MCC,0.8063,2.6,3.2,"$4,750.28 "
557,"TENDONITIS, MYOSITIS AND BURSITIS WITH MCC",1.3939,4.6,5.8,"$8,212.09 "
558,"TENDONITIS, MYOSITIS AND BURSITIS WITHOUT MCC",0.8583,3.1,3.8,"$5,056.63 "
559,"AFTERCARE, MUSCULOSKELETAL SYSTEM AND CONNECTIVE TISSUE WITH MCC",1.8679,4.8,6.8,"$11,004.64 "
560,"AFTERCARE, MUSCULOSKELETAL SYSTEM AND CONNECTIVE TISSUE WITH CC",1.0764,3.7,4.9,"$6,341.56 "
561,"AFTERCARE, MUSCULOSKELETAL SYSTEM AND CONNECTIVE TISSUE WITHOUT CC/MCC",0.7911,2.7,3.7,"$4,660.73 "
562,"FRACTURE, SPRAIN, STRAIN AND DISLOCATION EXCEPT FEMUR, HIP, PELVIS AND THIGH WITH MCC",1.408,4,5.1,"$8,295.16 "
563,"FRACTURE, SPRAIN, STRAIN AND DISLOCATION EXCEPT FEMUR, HIP, PELVIS AND THIGH WITHOUT MCC",0.8708,3,3.5,"$5,130.27 "
564,OTHER MUSCULOSKELETAL SYSTEM AND CONNECTIVE TISSUE DIAGNOSES WITH MCC,1.5138,4.6,5.8,"$8,918.48 "
565,OTHER MUSCULOSKELETAL SYSTEM AND CONNECTIVE TISSUE DIAGNOSES WITH CC,1.0063,3.4,4.1,"$5,928.57 "
566,OTHER MUSCULOSKELETAL SYSTEM AND CONNECTIVE TISSUE DIAGNOSES WITHOUT CC/MCC,0.7515,2.5,3,"$4,427.42 "
570,SKIN DEBRIDEMENT WITH MCC,2.8363,7.3,9.5,"$16,709.92 "
571,SKIN DEBRIDEMENT WITH CC,1.6328,4.8,6,"$9,619.56 "
572,SKIN DEBRIDEMENT WITHOUT CC/MCC,1.1026,3,3.7,"$6,495.91 "
573,SKIN GRAFT FOR SKIN ULCER OR CELLULITIS WITH MCC,5.5373,10.8,15.9,"$32,622.73 "
574,SKIN GRAFT FOR SKIN ULCER OR CELLULITIS WITH CC,3.2465,7.6,11,"$19,126.59 "
575,SKIN GRAFT FOR SKIN ULCER OR CELLULITIS WITHOUT CC/MCC,1.7615,4.5,5.7,"$10,377.79 "
576,SKIN GRAFT EXCEPT FOR SKIN ULCER OR CELLULITIS WITH MCC,5.0601,9.3,13.4,"$29,811.33 "
577,SKIN GRAFT EXCEPT FOR SKIN ULCER OR CELLULITIS WITH CC,2.5474,4.6,6.6,"$15,007.88 "
578,SKIN GRAFT EXCEPT FOR SKIN ULCER OR CELLULITIS WITHOUT CC/MCC,1.5947,2.8,3.7,"$9,395.10 "
579,"OTHER SKIN, SUBCUTANEOUS TISSUE AND BREAST PROCEDURES WITH MCC",2.9278,7,9.4,"$17,248.99 "
580,"OTHER SKIN, SUBCUTANEOUS TISSUE AND BREAST PROCEDURES WITH CC",1.6031,4,5.3,"$9,444.58 "
581,"OTHER SKIN, SUBCUTANEOUS TISSUE AND BREAST PROCEDURES WITHOUT CC/MCC",1.2599,2.3,2.9,"$7,422.64 "
582,MASTECTOMY FOR MALIGNANCY WITH CC/MCC,1.6416,2.3,3.1,"$9,671.40 "
583,MASTECTOMY FOR MALIGNANCY WITHOUT CC/MCC,1.5416,1.7,2,"$9,082.26 "
584,"BREAST BIOPSY, LOCAL EXCISION AND OTHER BREAST PROCEDURES WITH CC/MCC",1.8303,3.4,4.4,"$10,783.12 "
585,"BREAST BIOPSY, LOCAL EXCISION AND OTHER BREAST PROCEDURES WITHOUT CC/MCC",1.7423,2.2,2.7,"$10,264.67 "
592,SKIN ULCERS WITH MCC,1.6867,5.4,7.2,"$9,937.11 "
593,SKIN ULCERS WITH CC,1.1368,4.1,5.3,"$6,697.40 "
594,SKIN ULCERS WITHOUT CC/MCC,0.8187,3.2,4,"$4,823.33 "
595,MAJOR SKIN DISORDERS WITH MCC,2.0121,5.5,7.5,"$11,854.19 "
596,MAJOR SKIN DISORDERS WITHOUT MCC,0.9892,3.3,4.3,"$5,827.82 "
597,MALIGNANT BREAST DISORDERS WITH MCC,1.6367,4.6,6.2,"$9,642.54 "
598,MALIGNANT BREAST DISORDERS WITH CC,1.1112,3.3,4.5,"$6,546.58 "
599,MALIGNANT BREAST DISORDERS WITHOUT CC/MCC,0.6712,2.5,3.2,"$3,954.34 "
600,NON-MALIGNANT BREAST DISORDERS WITH CC/MCC,0.9957,3.5,4.3,"$5,866.12 "
601,NON-MALIGNANT BREAST DISORDERS WITHOUT CC/MCC,0.6876,2.8,3.3,"$4,050.96 "
602,CELLULITIS WITH MCC,1.4366,4.6,5.7,"$8,463.66 "
603,CELLULITIS WITHOUT MCC,0.8448,3.2,3.8,"$4,977.10 "
604,"TRAUMA TO THE SKIN, SUBCUTANEOUS TISSUE AND BREAST WITH MCC",1.4913,3.8,5.2,"$8,785.92 "
605,"TRAUMA TO THE SKIN, SUBCUTANEOUS TISSUE AND BREAST WITHOUT MCC",0.9092,2.7,3.3,"$5,356.51 "
606,MINOR SKIN DISORDERS WITH MCC,1.511,4.3,6,"$8,901.98 "
607,MINOR SKIN DISORDERS WITHOUT MCC,0.8256,2.9,3.6,"$4,863.98 "
614,ADRENAL AND PITUITARY PROCEDURES WITH CC/MCC,2.3868,3.2,4.6,"$14,061.71 "
615,ADRENAL AND PITUITARY PROCEDURES WITHOUT CC/MCC,1.5741,1.8,2.2,"$9,273.73 "
616,"AMPUTATION OF LOWER LIMB FOR ENDOCRINE, NUTRITIONAL AND METABOLIC DISORDERS WITH MCC",3.9888,10,12.3,"$23,499.82 "
617,"AMPUTATION OF LOWER LIMB FOR ENDOCRINE, NUTRITIONAL AND METABOLIC DISORDERS WITH CC",2.0341,5.8,7,"$11,983.80 "
618,"AMPUTATION OF LOWER LIMB FOR ENDOCRINE, NUTRITIONAL AND METABOLIC DISORDERS WITHOUT CC/MCC",1.303,4.2,4.8,"$7,676.56 "
619,O.R. PROCEDURES FOR OBESITY WITH MCC,3.0611,2.8,4.7,"$18,034.32 "
620,O.R. PROCEDURES FOR OBESITY WITH CC,1.7611,1.8,2.2,"$10,375.43 "
621,O.R. PROCEDURES FOR OBESITY WITHOUT CC/MCC,1.5964,1.4,1.6,"$9,405.11 "
622,"SKIN GRAFTS AND WOUND DEBRIDEMENT FOR ENDOCRINE, NUTRITIONAL AND METABOLIC DISORDERS WITH MCC",3.6128,8.3,11.1,"$21,284.63 "
623,"SKIN GRAFTS AND WOUND DEBRIDEMENT FOR ENDOCRINE, NUTRITIONAL AND METABOLIC DISORDERS WITH CC",1.8729,5.3,6.5,"$11,034.10 "
624,"SKIN GRAFTS AND WOUND DEBRIDEMENT FOR ENDOCRINE, NUTRITIONAL AND METABOLIC DISORDERS WITHOUT CC/MCC",1.0943,3.2,3.9,"$6,447.01 "
625,"THYROID, PARATHYROID AND THYROGLOSSAL PROCEDURES WITH MCC",2.8412,4.8,7,"$16,738.79 "
626,"THYROID, PARATHYROID AND THYROGLOSSAL PROCEDURES WITH CC",1.6523,2.3,3.3,"$9,734.44 "
627,"THYROID, PARATHYROID AND THYROGLOSSAL PROCEDURES WITHOUT CC/MCC",1.1818,1.4,1.7,"$6,962.52 "
628,"OTHER ENDOCRINE, NUTRITIONAL AND METABOLIC O.R. PROCEDURES WITH MCC",3.6981,7.4,10.5,"$21,787.17 "
629,"OTHER ENDOCRINE, NUTRITIONAL AND METABOLIC O.R. PROCEDURES WITH CC",2.3468,6.1,7.3,"$13,826.05 "
630,"OTHER ENDOCRINE, NUTRITIONAL AND METABOLIC O.R. PROCEDURES WITHOUT CC/MCC",1.4069,2.4,3,"$8,288.68 "
637,DIABETES WITH MCC,1.3747,3.8,5,"$8,098.98 "
638,DIABETES WITH CC,0.8794,2.9,3.6,"$5,180.94 "
639,DIABETES WITHOUT CC/MCC,0.6093,2.1,2.5,"$3,589.66 "
640,"MISCELLANEOUS DISORDERS OF NUTRITION, METABOLISM, FLUIDS AND ELECTROLYTES WITH MCC",1.2278,3.3,4.5,"$7,233.52 "
641,"MISCELLANEOUS DISORDERS OF NUTRITION, METABOLISM, FLUIDS AND ELECTROLYTES WITHOUT MCC",0.753,2.6,3.2,"$4,436.26 "
642,INBORN AND OTHER DISORDERS OF METABOLISM,1.2875,3.3,4.4,"$7,585.24 "
643,ENDOCRINE DISORDERS WITH MCC,1.6633,5,6.3,"$9,799.25 "
644,ENDOCRINE DISORDERS WITH CC,1.0183,3.5,4.2,"$5,999.26 "
645,ENDOCRINE DISORDERS WITHOUT CC/MCC,0.7678,2.7,3.2,"$4,523.46 "
650,KIDNEY TRANSPLANT WITH HEMODIALYSIS WITH MCC,4.5131,6.8,8.3,"$26,588.70 "
651,KIDNEY TRANSPLANT WITH HEMODIALYSIS WITHOUT MCC,3.6936,6,6.8,"$21,760.66 "
652,KIDNEY TRANSPLANT,3.1819,4.7,5.3,"$18,746.00 "
653,MAJOR BLADDER PROCEDURES WITH MCC,5.4492,10.2,13,"$32,103.69 "
654,MAJOR BLADDER PROCEDURES WITH CC,2.9002,5.6,6.7,"$17,086.38 "
655,MAJOR BLADDER PROCEDURES WITHOUT CC/MCC,2.0801,3.6,4.2,"$12,254.81 "
656,KIDNEY AND URETER PROCEDURES FOR NEOPLASM WITH MCC,3.2817,5.6,7.6,"$19,333.97 "
657,KIDNEY AND URETER PROCEDURES FOR NEOPLASM WITH CC,1.9341,3.2,4,"$11,394.65 "
658,KIDNEY AND URETER PROCEDURES FOR NEOPLASM WITHOUT CC/MCC,1.5791,2.1,2.3,"$9,303.19 "
659,KIDNEY AND URETER PROCEDURES FOR NON-NEOPLASM WITH MCC,2.6648,5.9,7.9,"$15,699.54 "
660,KIDNEY AND URETER PROCEDURES FOR NON-NEOPLASM WITH CC,1.4434,3.1,4,"$8,503.72 "
661,KIDNEY AND URETER PROCEDURES FOR NON-NEOPLASM WITHOUT CC/MCC,1.0644,1.9,2.2,"$6,270.86 "
662,MINOR BLADDER PROCEDURES WITH MCC,2.9298,6.9,9.6,"$17,260.77 "
663,MINOR BLADDER PROCEDURES WITH CC,1.5949,3.7,4.9,"$9,396.27 "
664,MINOR BLADDER PROCEDURES WITHOUT CC/MCC,1.1842,1.9,2.4,"$6,976.66 "
665,PROSTATECTOMY WITH MCC,3.0367,7.6,9.7,"$17,890.57 "
666,PROSTATECTOMY WITH CC,1.7343,3.9,5.3,"$10,217.54 "
667,PROSTATECTOMY WITHOUT CC/MCC,0.9949,2,2.5,"$5,861.40 "
668,TRANSURETHRAL PROCEDURES WITH MCC,2.7551,7,9.2,"$16,231.53 "
669,TRANSURETHRAL PROCEDURES WITH CC,1.5319,3.7,4.8,"$9,025.11 "
670,TRANSURETHRAL PROCEDURES WITHOUT CC/MCC,0.9765,2,2.5,"$5,753.00 "
671,URETHRAL PROCEDURES WITH CC/MCC,1.7767,3.9,5.8,"$10,467.34 "
672,URETHRAL PROCEDURES WITHOUT CC/MCC,1.1509,1.6,2,"$6,780.47 "
673,OTHER KIDNEY AND URINARY TRACT PROCEDURES WITH MCC,3.4631,7.7,10.5,"$20,402.68 "
674,OTHER KIDNEY AND URINARY TRACT PROCEDURES WITH CC,2.3804,5.9,7.6,"$14,024.01 "
675,OTHER KIDNEY AND URINARY TRACT PROCEDURES WITHOUT CC/MCC,1.752,2.7,3.7,"$10,321.82 "
682,RENAL FAILURE WITH MCC,1.4702,4.3,5.7,"$8,661.61 "
683,RENAL FAILURE WITH CC,0.8781,3.1,3.8,"$5,173.28 "
684,RENAL FAILURE WITHOUT CC/MCC,0.6075,2.2,2.6,"$3,579.06 "
685,ADMIT FOR RENAL DIALYSIS,,,,"$23,025.21 "
686,KIDNEY AND URINARY TRACT NEOPLASMS WITH MCC,1.8732,5,7,"$11,035.86 "
687,KIDNEY AND URINARY TRACT NEOPLASMS WITH CC,1.0478,3.3,4.3,"$6,173.06 "
688,KIDNEY AND URINARY TRACT NEOPLASMS WITHOUT CC/MCC,0.6853,1.9,2.2,"$4,037.41 "
689,KIDNEY AND URINARY TRACT INFECTIONS WITH MCC,1.1113,3.8,4.7,"$6,547.17 "
690,KIDNEY AND URINARY TRACT INFECTIONS WITHOUT MCC,0.7922,2.9,3.5,"$4,667.21 "
691,URINARY STONES W ESW LITHOTRIPSY W CC/MCC,,,,
693,URINARY STONES WITH MCC,1.2688,3.7,5,"$7,475.07 "
694,URINARY STONES WITHOUT MCC,0.7293,2.1,2.6,"$4,296.63 "
695,KIDNEY AND URINARY TRACT SIGNS AND SYMPTOMS WITH MCC,1.1363,3.6,4.7,"$6,694.45 "
696,KIDNEY AND URINARY TRACT SIGNS AND SYMPTOMS WITHOUT MCC,0.6897,2.3,2.9,"$4,063.33 "
697,URETHRAL STRICTURE,0.997,2.8,3.6,"$5,873.78 "
698,OTHER KIDNEY AND URINARY TRACT DIAGNOSES WITH MCC,1.6067,4.7,6,"$9,465.79 "
699,OTHER KIDNEY AND URINARY TRACT DIAGNOSES WITH CC,1.0252,3.3,4.1,"$6,039.91 "
700,OTHER KIDNEY AND URINARY TRACT DIAGNOSES WITHOUT CC/MCC,0.7448,2.4,2.9,"$4,387.95 "
707,MAJOR MALE PELVIC PROCEDURES WITH CC/MCC,1.9206,2.5,3.4,"$11,315.12 "
708,MAJOR MALE PELVIC PROCEDURES WITHOUT CC/MCC,1.4914,1.4,1.6,"$8,786.51 "
709,PENIS PROCEDURES WITH CC/MCC,2.3119,4,6.5,"$13,620.44 "
710,PENIS PROCEDURES WITHOUT CC/MCC,1.5999,1.7,2.1,"$9,425.73 "
711,TESTES PROCEDURES WITH CC/MCC,2.1303,5.3,7.4,"$12,550.56 "
712,TESTES PROCEDURES WITHOUT CC/MCC,1.0575,2.5,3.1,"$6,230.21 "
713,TRANSURETHRAL PROSTATECTOMY WITH CC/MCC,1.4916,2.8,4,"$8,787.69 "
714,TRANSURETHRAL PROSTATECTOMY WITHOUT CC/MCC,0.9285,1.6,1.9,"$5,470.21 "
715,OTHER MALE REPRODUCTIVE SYSTEM O.R. PROCEDURES FOR MALIGNANCY WITH CC/MCC,2.0189,5,6.8,"$11,894.25 "
716,OTHER MALE REPRODUCTIVE SYSTEM O.R. PROCEDURES FOR MALIGNANCY WITHOUT CC/MCC,1.2765,1.4,1.6,"$7,520.44 "
717,OTHER MALE REPRODUCTIVE SYSTEM O.R. PROCEDURES EXCEPT MALIGNANCY WITH CC/MCC,1.7985,3.7,5.2,"$10,595.77 "
718,OTHER MALE REPRODUCTIVE SYSTEM O.R. PROCEDURES EXCEPT MALIGNANCY WITHOUT CC/MCC,1.2362,2.2,2.7,"$7,283.01 "
722,"MALIGNANCY, MALE REPRODUCTIVE SYSTEM WITH MCC",1.709,5.1,7.1,"$10,068.49 "
723,"MALIGNANCY, MALE REPRODUCTIVE SYSTEM WITH CC",1.0891,3.5,4.5,"$6,416.38 "
724,"MALIGNANCY, MALE REPRODUCTIVE SYSTEM WITHOUT CC/MCC",0.6494,1.8,2.3,"$3,825.91 "
725,BENIGN PROSTATIC HYPERTROPHY WITH MCC,1.2819,4,5.4,"$7,552.25 "
726,BENIGN PROSTATIC HYPERTROPHY WITHOUT MCC,0.7433,2.5,3.1,"$4,379.11 "
727,INFLAMMATION OF THE MALE REPRODUCTIVE SYSTEM WITH MCC,1.4181,4.4,5.6,"$8,354.67 "
728,INFLAMMATION OF THE MALE REPRODUCTIVE SYSTEM WITHOUT MCC,0.8035,2.9,3.6,"$4,733.78 "
729,OTHER MALE REPRODUCTIVE SYSTEM DIAGNOSES WITH CC/MCC,1.0048,3.1,4.1,"$5,919.73 "
730,OTHER MALE REPRODUCTIVE SYSTEM DIAGNOSES WITHOUT CC/MCC,0.5657,1.8,2.2,"$3,332.79 "
734,"PELVIC EVISCERATION, RADICAL HYSTERECTOMY AND RADICAL VULVECTOMY WITH CC/MCC",2.2228,3.5,5,"$13,095.52 "
735,"PELVIC EVISCERATION, RADICAL HYSTERECTOMY AND RADICAL VULVECTOMY WITHOUT CC/MCC",1.4135,1.7,2,"$8,327.56 "
736,UTERINE AND ADNEXA PROCEDURES FOR OVARIAN OR ADNEXAL MALIGNANCY WITH MCC,4.2582,8.4,10.5,"$25,086.97 "
737,UTERINE AND ADNEXA PROCEDURES FOR OVARIAN OR ADNEXAL MALIGNANCY WITH CC,2.0582,4.2,4.9,"$12,125.78 "
738,UTERINE AND ADNEXA PROCEDURES FOR OVARIAN OR ADNEXAL MALIGNANCY WITHOUT CC/MCC,1.4766,2.6,2.9,"$8,699.32 "
739,UTERINE AND ADNEXA PROCEDURES FOR NON-OVARIAN AND NON-ADNEXAL MALIGNANCY WITH MCC,3.8217,6.6,9.5,"$22,515.35 "
740,UTERINE AND ADNEXA PROCEDURES FOR NON-OVARIAN AND NON-ADNEXAL MALIGNANCY WITH CC,1.8,2.8,3.7,"$10,604.61 "
741,UTERINE AND ADNEXA PROCEDURES FOR NON-OVARIAN AND NON-ADNEXAL MALIGNANCY WITHOUT CC/MCC,1.2795,1.6,1.9,"$7,538.11 "
742,UTERINE AND ADNEXA PROCEDURES FOR NON-MALIGNANCY WITH CC/MCC,1.717,2.8,3.8,"$10,115.62 "
743,UTERINE AND ADNEXA PROCEDURES FOR NON-MALIGNANCY WITHOUT CC/MCC,1.1323,1.7,1.9,"$6,670.89 "
744,"D&C, CONIZATION, LAPAROSCOPY AND TUBAL INTERRUPTION WITH CC/MCC",1.794,4.4,5.9,"$10,569.26 "
745,"D&C, CONIZATION, LAPAROSCOPY AND TUBAL INTERRUPTION WITHOUT CC/MCC",1.1705,2.2,2.6,"$6,895.94 "
746,"VAGINA, CERVIX AND VULVA PROCEDURES WITH CC/MCC",1.6094,3.2,4.9,"$9,481.70 "
747,"VAGINA, CERVIX AND VULVA PROCEDURES WITHOUT CC/MCC",0.938,1.5,1.8,"$5,526.18 "
748,FEMALE REPRODUCTIVE SYSTEM RECONSTRUCTIVE PROCEDURES,1.3483,1.6,2,"$7,943.44 "
749,OTHER FEMALE REPRODUCTIVE SYSTEM O.R. PROCEDURES WITH CC/MCC,2.7074,5.6,7.7,"$15,950.51 "
750,OTHER FEMALE REPRODUCTIVE SYSTEM O.R. PROCEDURES WITHOUT CC/MCC,1.4659,2.3,2.8,"$8,636.28 "
754,"MALIGNANCY, FEMALE REPRODUCTIVE SYSTEM WITH MCC",1.821,5,7,"$10,728.33 "
755,"MALIGNANCY, FEMALE REPRODUCTIVE SYSTEM WITH CC",1.1276,3.3,4.3,"$6,643.20 "
756,"MALIGNANCY, FEMALE REPRODUCTIVE SYSTEM WITHOUT CC/MCC",0.9161,2.1,2.5,"$5,397.16 "
757,"INFECTIONS, FEMALE REPRODUCTIVE SYSTEM WITH MCC",1.5221,4.7,6.3,"$8,967.38 "
758,"INFECTIONS, FEMALE REPRODUCTIVE SYSTEM WITH CC",0.967,3.6,4.4,"$5,697.03 "
759,"INFECTIONS, FEMALE REPRODUCTIVE SYSTEM WITHOUT CC/MCC",0.6832,2.7,3.2,"$4,025.04 "
760,MENSTRUAL AND OTHER FEMALE REPRODUCTIVE SYSTEM DISORDERS WITH CC/MCC,0.9226,2.6,3.4,"$5,435.45 "
761,MENSTRUAL AND OTHER FEMALE REPRODUCTIVE SYSTEM DISORDERS WITHOUT CC/MCC,0.59,1.8,2.3,"$3,475.96 "
765,Cesarean Section with CC/MCC,,,,"$28,762.00 "
766,CESAREAN SECTION W/O CC/MCC,,,,"$22,243.00 "
767,VAGINAL DELIVERY W STERILIZATION &/OR D&C,,,,"$7,466.18 "
768,VAGINAL DELIVERY WITH O.R. PROCEDURES EXCEPT STERILIZATION AND/OR D&C,1.1708,3.1,4.5,"$6,897.71 "
769,POSTPARTUM AND POST ABORTION DIAGNOSES WITH O.R. PROCEDURES,1.6204,2.9,4.3,"$9,546.51 "
770,"ABORTION WITH D&C, ASPIRATION CURETTAGE OR HYSTEROTOMY",0.8881,1.8,2.3,"$5,232.20 "
774,"VAGINAL DELIVERY W COMPLICATING DIAGNOSES	",,,,"$27,110.00 "
775,Vaginal Delivery w/o complicating diagnoses,,,,"$17,175.00 "
776,POSTPARTUM AND POST ABORTION DIAGNOSES WITHOUT O.R. PROCEDURES,0.7688,2.5,3.4,"$4,529.35 "
777,ECTOPIC PREGNANCY,,,,
778,THREATENED ABORTION,,,,"$95,497.00 "
779,ABORTION WITHOUT D&C,1.0404,2,2.9,"$6,129.46 "
781,OTHER ANTEPARTUM DIAGNOSES W MEDICAL COMPLICATIONS,,,,"$36,670.00 "
782,Other antepartum diagnoses,,,,"$3,968.72 "
783,CESAREAN SECTION WITH STERILIZATION WITH MCC,1.8727,4.8,7.2,"$11,032.92 "
784,CESAREAN SECTION WITH STERILIZATION WITH CC,1.0949,3.3,4.4,"$6,450.55 "
785,CESAREAN SECTION WITH STERILIZATION WITHOUT CC/MCC,0.9153,2.7,3.3,"$5,392.44 "
786,CESAREAN SECTION WITHOUT STERILIZATION WITH MCC,1.5911,4.3,5.7,"$9,373.89 "
787,CESAREAN SECTION WITHOUT STERILIZATION WITH CC,1.0627,3.5,4.1,"$6,260.84 "
788,CESAREAN SECTION WITHOUT STERILIZATION WITHOUT CC/MCC,0.8871,3,3.2,"$5,226.31 "
789,"NEONATES, DIED OR TRANSFERRED TO ANOTHER ACUTE CARE FACILITY",1.7185,1.8,1.8,"$10,124.46 "
790,"EXTREME IMMATURITY OR RESPIRATORY DISTRESS SYNDROME, NEONATE",5.6671,17.9,17.9,"$33,387.44 "
791,PREMATURITY WITH MAJOR PROBLEMS,3.8704,13.3,13.3,"$22,802.27 "
792,PREMATURITY WITHOUT MAJOR PROBLEMS,2.3353,8.6,8.6,"$13,758.30 "
793,FULL TERM NEONATE WITH MAJOR PROBLEMS,3.9757,4.7,4.7,"$23,422.64 "
794,NEONATE WITH OTHER SIGNIFICANT PROBLEMS,1.4072,3.4,3.4,"$8,290.45 "
795,NORMAL NEWBORN,0.1905,3.1,3.1,"$1,122.32 "
796,VAGINAL DELIVERY WITH STERILIZATION AND/OR D&C WITH MCC,1.0679,3.6,5.7,"$6,291.48 "
797,VAGINAL DELIVERY WITH STERILIZATION AND/OR D&C WITH CC,0.9199,2.4,2.6,"$5,419.54 "
798,VAGINAL DELIVERY WITH STERILIZATION AND/OR D&C WITHOUT CC/MCC,0.8273,2.1,2.3,"$4,874.00 "
799,SPLENECTOMY WITH MCC,5.1439,7.8,10.7,"$30,305.03 "
800,SPLENECTOMY WITH CC,2.9514,5,6.4,"$17,388.03 "
801,SPLENECTOMY WITHOUT CC/MCC,1.6835,2.6,3.1,"$9,918.26 "
802,OTHER O.R. PROCEDURES OF THE BLOOD AND BLOOD FORMING ORGANS WITH MCC,3.7087,7.5,11,"$21,849.62 "
803,OTHER O.R. PROCEDURES OF THE BLOOD AND BLOOD FORMING ORGANS WITH CC,1.8848,3.9,5.2,"$11,104.20 "
804,OTHER O.R. PROCEDURES OF THE BLOOD AND BLOOD FORMING ORGANS WITHOUT CC/MCC,1.3642,2,2.5,"$8,037.12 "
805,VAGINAL DELIVERY WITHOUT STERILIZATION OR D&C WITH MCC,1.0268,2.9,4,"$6,049.34 "
806,VAGINAL DELIVERY WITHOUT STERILIZATION OR D&C WITH CC,0.7339,2.3,2.7,"$4,323.74 "
807,VAGINAL DELIVERY WITHOUT STERILIZATION OR D&C WITHOUT CC/MCC,0.6411,2.1,2.3,"$3,777.01 "
808,MAJOR HEMATOLOGICAL AND IMMUNOLOGICAL DIAGNOSES EXCEPT SICKLE CELL CRISIS AND COAGULATION DISORDERS WITH MCC,2.1779,5.3,7.3,"$12,830.99 "
809,MAJOR HEMATOLOGICAL AND IMMUNOLOGICAL DIAGNOSES EXCEPT SICKLE CELL CRISIS AND COAGULATION DISORDERS WITH CC,1.2217,3.5,4.4,"$7,197.58 "
810,MAJOR HEMATOLOGICAL AND IMMUNOLOGICAL DIAGNOSES EXCEPT SICKLE CELL CRISIS AND COAGULATION DISORDERS WITHOUT CC/MCC,0.9607,2.5,3.2,"$5,659.92 "
811,RED BLOOD CELL DISORDERS WITH MCC,1.3776,3.6,4.8,"$8,116.06 "
812,RED BLOOD CELL DISORDERS WITHOUT MCC,0.8797,2.7,3.4,"$5,182.71 "
813,COAGULATION DISORDERS,1.5447,3.6,4.7,"$9,100.52 "
814,RETICULOENDOTHELIAL AND IMMUNITY DISORDERS WITH MCC,1.8907,4.5,6.5,"$11,138.96 "
815,RETICULOENDOTHELIAL AND IMMUNITY DISORDERS WITH CC,0.9925,2.9,3.8,"$5,847.26 "
816,RETICULOENDOTHELIAL AND IMMUNITY DISORDERS WITHOUT CC/MCC,0.6609,2.2,2.6,"$3,893.66 "
817,OTHER ANTEPARTUM DIAGNOSES WITH O.R. PROCEDURES WITH MCC,2.3018,4.1,6.6,"$13,560.94 "
818,OTHER ANTEPARTUM DIAGNOSES WITH O.R. PROCEDURES WITH CC,1.3165,3,4.2,"$7,756.09 "
819,OTHER ANTEPARTUM DIAGNOSES WITH O.R. PROCEDURES WITHOUT CC/MCC,0.9979,1.8,2.2,"$5,879.08 "
820,LYMPHOMA AND LEUKEMIA WITH MAJOR O.R. PROCEDURES WITH MCC,5.6873,10.6,14.7,"$33,506.44 "
821,LYMPHOMA AND LEUKEMIA WITH MAJOR O.R. PROCEDURES WITH CC,2.1551,3.7,5.4,"$12,696.66 "
822,LYMPHOMA AND LEUKEMIA WITH MAJOR O.R. PROCEDURES WITHOUT CC/MCC,1.2516,1.8,2.3,"$7,373.74 "
823,LYMPHOMA AND NON-ACUTE LEUKEMIA WITH OTHER PROCEDURES WITH MCC,4.4971,10.3,13.6,"$26,494.44 "
824,LYMPHOMA AND NON-ACUTE LEUKEMIA WITH OTHER PROCEDURES WITH CC,2.3627,5.3,7.1,"$13,919.73 "
825,LYMPHOMA AND NON-ACUTE LEUKEMIA WITH OTHER PROCEDURES WITHOUT CC/MCC,1.4007,2.4,3.4,"$8,252.15 "
826,"MYELOPROLIFERATIVE DISORDERS OR POORLY DIFFERENTIATED NEOPLASMS WITH MAJOR O.R.
PROCEDURES WITH MCC",5.0368,9.9,13.5,"$29,674.06 "
827,MYELOPROLIFERATIVE DISORDERS OR POORLY DIFFERENTIATED NEOPLASMS WITH MAJOR O.R. PROCEDURES WITH CC,2.4976,4.9,6.2,"$14,714.49 "
828,MYELOPROLIFERATIVE DISORDERS OR POORLY DIFFERENTIATED NEOPLASMS WITH MAJOR O.R. PROCEDURES WITHOUT CC/MCC,1.6777,2.8,3.4,"$9,884.09 "
829,MYELOPROLIFERATIVE DISORDERS OR POORLY DIFFERENTIATED NEOPLASMS WITH OTHER PROCEDURES WITH CC/MCC,3.2057,6.2,9,"$18,886.22 "
830,MYELOPROLIFERATIVE DISORDERS OR POORLY DIFFERENTIATED NEOPLASMS WITH OTHER PROCEDURES WITHOUT CC/MCC,1.4765,2.3,2.9,"$8,698.73 "
831,OTHER ANTEPARTUM DIAGNOSES WITHOUT O.R. PROCEDURES WITH MCC,1.1211,3.4,4.7,"$6,604.90 "
832,OTHER ANTEPARTUM DIAGNOSES WITHOUT O.R. PROCEDURES WITH CC,0.7798,2.5,4,"$4,594.15 "
833,OTHER ANTEPARTUM DIAGNOSES WITHOUT O.R. PROCEDURES WITHOUT CC/MCC,0.536,1.9,2.7,"$3,157.82 "
834,ACUTE LEUKEMIA WITHOUT MAJOR O.R. PROCEDURES WITH MCC,6.0501,10,16.6,"$35,643.86 "
835,ACUTE LEUKEMIA WITHOUT MAJOR O.R. PROCEDURES WITH CC,2.1137,4.2,6.6,"$12,452.76 "
836,ACUTE LEUKEMIA WITHOUT MAJOR O.R. PROCEDURES WITHOUT CC/MCC,1.1696,2.7,3.9,"$6,890.64 "
837,CHEMOTHERAPY WITH ACUTE LEUKEMIA AS SECONDARY DIAGNOSIS OR WITH HIGH DOSE CHEMOTHERAPY AGENT WITH MCC,5.6991,11.5,17.1,"$33,575.96 "
838,CHEMOTHERAPY WITH ACUTE LEUKEMIA AS SECONDARY DIAGNOSIS WITH CC OR HIGH DOSE CHEMOTHERAPY AGENT,2.2588,5.5,7.3,"$13,307.61 "
839,CHEMOTHERAPY WITH ACUTE LEUKEMIA AS SECONDARY DIAGNOSIS WITHOUT CC/MCC,1.4863,4.4,4.9,"$8,756.46 "
840,LYMPHOMA AND NON-ACUTE LEUKEMIA WITH MCC,3.2157,6.7,9.6,"$18,945.14 "
841,LYMPHOMA AND NON-ACUTE LEUKEMIA WITH CC,1.6208,4,5.4,"$9,548.86 "
842,LYMPHOMA AND NON-ACUTE LEUKEMIA WITHOUT CC/MCC,1.0953,2.8,3.6,"$6,452.91 "
843,OTHER MYELOPROLIFERATIVE DISORDERS OR POORLY DIFFERENTIATED NEOPLASTIC DIAGNOSES WITH MCC,1.9029,5.3,7.2,"$11,210.84 "
844,OTHER MYELOPROLIFERATIVE DISORDERS OR POORLY DIFFERENTIATED NEOPLASTIC DIAGNOSES WITH CC,1.1805,3.5,4.7,"$6,954.86 "
845,OTHER MYELOPROLIFERATIVE DISORDERS OR POORLY DIFFERENTIATED NEOPLASTIC DIAGNOSES WITHOUT CC/MCC,0.8474,2.6,3.4,"$4,992.41 "
846,CHEMOTHERAPY WITHOUT ACUTE LEUKEMIA AS SECONDARY DIAGNOSIS WITH MCC,2.6699,5.9,7.9,"$15,729.58 "
847,CHEMOTHERAPY WITHOUT ACUTE LEUKEMIA AS SECONDARY DIAGNOSIS WITH CC,1.3352,3.6,4.1,"$7,866.26 "
848,CHEMOTHERAPY WITHOUT ACUTE LEUKEMIA AS SECONDARY DIAGNOSIS WITHOUT CC/MCC,1.029,3,3.5,"$6,062.30 "
849,RADIOTHERAPY,2.4875,6.2,9.3,"$14,654.98 "
853,INFECTIOUS AND PARASITIC DISEASES WITH O.R. PROCEDURES WITH MCC,4.9446,9.6,12.5,"$29,130.86 "
854,INFECTIOUS AND PARASITIC DISEASES WITH O.R. PROCEDURES WITH CC,2.0944,5.3,6.6,"$12,339.05 "
855,INFECTIOUS AND PARASITIC DISEASES WITH O.R. PROCEDURES WITHOUT CC/MCC,1.495,3.3,4,"$8,807.72 "
856,POSTOPERATIVE OR POST-TRAUMATIC INFECTIONS WITH O.R. PROCEDURES WITH MCC,4.5457,9,12,"$26,780.76 "
857,POSTOPERATIVE OR POST-TRAUMATIC INFECTIONS WITH O.R. PROCEDURES WITH CC,2.0347,5.2,6.5,"$11,987.33 "
858,POSTOPERATIVE OR POST-TRAUMATIC INFECTIONS WITH O.R. PROCEDURES WITHOUT CC/MCC,1.3484,3.5,4.4,"$7,944.03 "
862,POSTOPERATIVE AND POST-TRAUMATIC INFECTIONS WITH MCC,1.8788,5,6.6,"$11,068.86 "
863,POSTOPERATIVE AND POST-TRAUMATIC INFECTIONS WITHOUT MCC,0.9774,3.4,4.2,"$5,758.30 "
864,FEVER AND INFLAMMATORY CONDITIONS,0.875,2.7,3.3,"$5,155.02 "
865,VIRAL ILLNESS WITH MCC,1.4789,3.9,5.5,"$8,712.87 "
866,VIRAL ILLNESS WITHOUT MCC,0.8372,2.7,3.4,"$4,932.32 "
867,OTHER INFECTIOUS AND PARASITIC DISEASES DIAGNOSES WITH MCC,2.2295,5.5,7.6,"$13,134.99 "
868,OTHER INFECTIOUS AND PARASITIC DISEASES DIAGNOSES WITH CC,1.0584,3.5,4.4,"$6,235.51 "
869,OTHER INFECTIOUS AND PARASITIC DISEASES DIAGNOSES WITHOUT CC/MCC,0.726,2.5,3,"$4,277.19 "
870,SEPTICEMIA OR SEVERE SEPSIS WITH MV >96 HOURS,6.4248,12.4,14.5,"$37,851.39 "
871,SEPTICEMIA OR SEVERE SEPSIS WITHOUT MV >96 HOURS WITH MCC,1.8682,4.8,6.2,"$11,006.41 "
872,SEPTICEMIA OR SEVERE SEPSIS WITHOUT MV >96 HOURS WITHOUT MCC,1.0216,3.5,4.2,"$6,018.71 "
876,O.R. PROCEDURES WITH PRINCIPAL DIAGNOSIS OF MENTAL ILLNESS,3.2613,7,13.7,"$19,213.79 "
880,ACUTE ADJUSTMENT REACTION AND PSYCHOSOCIAL DYSFUNCTION,0.8636,2.6,3.7,"$5,087.86 "
881,DEPRESSIVE NEUROSES,0.8014,3.9,5.3,"$4,721.41 "
882,NEUROSES EXCEPT DEPRESSIVE,0.823,3.2,4.7,"$4,848.66 "
883,DISORDERS OF PERSONALITY AND IMPULSE CONTROL,1.5783,5.1,9.8,"$9,298.48 "
884,ORGANIC DISTURBANCES AND INTELLECTUAL DISABILITY,1.4438,4.5,7.3,"$8,506.08 "
885,PSYCHOSES,1.2371,5.9,8.8,"$7,288.31 "
886,BEHAVIORAL AND DEVELOPMENTAL DISORDERS,1.2215,4.3,7.6,"$7,196.41 "
887,OTHER MENTAL DISORDER DIAGNOSES,1.0787,3,4.7,"$6,355.11 "
894,"ALCOHOL, DRUG ABUSE OR DEPENDENCE, LEFT AMA",0.5475,2,2.7,"$3,225.57 "
895,"ALCOHOL, DRUG ABUSE OR DEPENDENCE WITH REHABILITATION THERAPY",1.592,8.9,11.9,"$9,379.19 "
896,"ALCOHOL, DRUG ABUSE OR DEPENDENCE WITHOUT REHABILITATION THERAPY WITH MCC",1.777,4.9,7,"$10,469.11 "
897,"ALCOHOL, DRUG ABUSE OR DEPENDENCE WITHOUT REHABILITATION THERAPY WITHOUT MCC",0.8255,3.4,4.3,"$4,863.39 "
901,WOUND DEBRIDEMENTS FOR INJURIES WITH MCC,4.2622,8.8,12.9,"$25,110.54 "
902,WOUND DEBRIDEMENTS FOR INJURIES WITH CC,1.9624,4.8,6.6,"$11,561.38 "
903,WOUND DEBRIDEMENTS FOR INJURIES WITHOUT CC/MCC,1.1344,2.6,3.4,"$6,683.26 "
904,SKIN GRAFTS FOR INJURIES WITH CC/MCC,3.7214,7.1,10.6,"$21,924.44 "
905,SKIN GRAFTS FOR INJURIES WITHOUT CC/MCC,1.6466,3.3,4.3,"$9,700.86 "
906,HAND PROCEDURES FOR INJURIES,1.7938,2.8,4.5,"$10,568.08 "
907,OTHER O.R. PROCEDURES FOR INJURIES WITH MCC,3.9571,6.9,9.6,"$23,313.06 "
908,OTHER O.R. PROCEDURES FOR INJURIES WITH CC,2.0404,3.9,5.2,"$12,020.91 "
909,OTHER O.R. PROCEDURES FOR INJURIES WITHOUT CC/MCC,1.3746,2.4,2.9,"$8,098.39 "
913,TRAUMATIC INJURY WITH MCC,1.6364,3.7,5.5,"$9,640.77 "
914,TRAUMATIC INJURY WITHOUT MCC,0.8886,2.5,3.2,"$5,235.14 "
915,ALLERGIC REACTIONS WITH MCC,1.6976,3.7,5,"$10,001.33 "
916,ALLERGIC REACTIONS WITHOUT MCC,0.6573,1.8,2.2,"$3,872.45 "
917,POISONING AND TOXIC EFFECTS OF DRUGS WITH MCC,1.4775,3.5,4.9,"$8,704.62 "
918,POISONING AND TOXIC EFFECTS OF DRUGS WITHOUT MCC,0.7911,2.3,3.1,"$4,660.73 "
919,COMPLICATIONS OF TREATMENT WITH MCC,1.8344,4.2,6,"$10,807.28 "
920,COMPLICATIONS OF TREATMENT WITH CC,1.0273,2.9,3.8,"$6,052.29 "
921,COMPLICATIONS OF TREATMENT WITHOUT CC/MCC,0.6914,2.1,2.6,"$4,073.35 "
922,"OTHER INJURY, POISONING AND TOXIC EFFECT DIAGNOSES WITH MCC",1.5876,4.1,6.3,"$9,353.27 "
923,"OTHER INJURY, POISONING AND TOXIC EFFECT DIAGNOSES WITHOUT MCC",0.9304,2.7,4.3,"$5,481.41 "
927,EXTENSIVE BURNS OR FULL THICKNESS BURNS WITH MV >96 HOURS WITH SKIN GRAFT,21.0309,26,35.4,"$123,902.50 "
928,FULL THICKNESS BURN WITH SKIN GRAFT OR INHALATION INJURY WITH CC/MCC,6.5262,11.7,16.4,"$38,448.78 "
929,FULL THICKNESS BURN WITH SKIN GRAFT OR INHALATION INJURY WITHOUT CC/MCC,3.0089,5.9,7.9,"$17,726.78 "
933,EXTENSIVE BURNS OR FULL THICKNESS BURNS WITH MV >96 HOURS WITHOUT SKIN GRAFT,2.2576,2.4,4.1,"$13,300.54 "
934,FULL THICKNESS BURN WITHOUT SKIN GRAFT OR INHALATION INJURY,1.9403,4.3,6.8,"$11,431.18 "
935,NON-EXTENSIVE BURNS,1.9333,3.6,5.5,"$11,389.94 "
939,O.R. PROCEDURES WITH DIAGNOSES OF OTHER CONTACT WITH HEALTH SERVICES WITH MCC,3.3862,6.6,10,"$19,949.63 "
940,O.R. PROCEDURES WITH DIAGNOSES OF OTHER CONTACT WITH HEALTH SERVICES WITH CC,2.2176,3.5,4.9,"$13,064.88 "
941,O.R. PROCEDURES WITH DIAGNOSES OF OTHER CONTACT WITH HEALTH SERVICES WITHOUT CC/MCC,1.9247,2.2,2.8,"$11,339.27 "
945,REHABILITATION WITH CC/MCC,1.4847,5,7.1,"$8,747.04 "
946,REHABILITATION WITHOUT CC/MCC,1.1272,3.2,4.3,"$6,640.84 "
947,SIGNS AND SYMPTOMS WITH MCC,1.1901,3.5,4.8,"$7,011.41 "
948,SIGNS AND SYMPTOMS WITHOUT MCC,0.7856,2.6,3.3,"$4,628.32 "
949,AFTERCARE WITH CC/MCC,1.1071,4.3,6.1,"$6,522.42 "
950,AFTERCARE WITHOUT CC/MCC,0.7389,3,4.3,"$4,353.19 "
951,OTHER FACTORS INFLUENCING HEALTH STATUS,0.5582,1.8,2.6,"$3,288.61 "
955,CRANIOTOMY FOR MULTIPLE SIGNIFICANT TRAUMA,6.288,7.3,11.1,"$37,045.44 "
956,"LIMB REATTACHMENT, HIP AND FEMUR PROCEDURES FOR MULTIPLE SIGNIFICANT TRAUMA",3.8488,6,7.4,"$22,675.01 "
957,OTHER O.R. PROCEDURES FOR MULTIPLE SIGNIFICANT TRAUMA WITH MCC,7.4208,9.1,13.1,"$43,719.27 "
958,OTHER O.R. PROCEDURES FOR MULTIPLE SIGNIFICANT TRAUMA WITH CC,4.2054,6.7,8.2,"$24,775.90 "
959,OTHER O.R. PROCEDURES FOR MULTIPLE SIGNIFICANT TRAUMA WITHOUT CC/MCC,2.7342,4.2,5.1,"$16,108.40 "
963,OTHER MULTIPLE SIGNIFICANT TRAUMA WITH MCC,2.7242,5.2,7.6,"$16,049.49 "
964,OTHER MULTIPLE SIGNIFICANT TRAUMA WITH CC,1.4884,3.9,4.9,"$8,768.83 "
965,OTHER MULTIPLE SIGNIFICANT TRAUMA WITHOUT CC/MCC,0.9129,2.6,3.2,"$5,378.30 "
969,HIV WITH EXTENSIVE O.R. PROCEDURES WITH MCC,5.7874,11.1,15.5,"$34,096.18 "
970,HIV WITH EXTENSIVE O.R. PROCEDURES WITHOUT MCC,2.9451,6.8,9.2,"$17,350.91 "
974,HIV WITH MAJOR RELATED CONDITION WITH MCC,2.6857,6.3,8.8,"$15,822.67 "
975,HIV WITH MAJOR RELATED CONDITION WITH CC,1.2791,4,5.3,"$7,535.75 "
976,HIV WITH MAJOR RELATED CONDITION WITHOUT CC/MCC,0.9491,3,4.4,"$5,591.58 "
977,HIV WITH OR WITHOUT OTHER RELATED CONDITION,1.3208,3.6,5,"$7,781.43 "
981,EXTENSIVE O.R. PROCEDURES UNRELATED TO PRINCIPAL DIAGNOSIS WITH MCC,4.6078,8.4,11.7,"$27,146.62 "
982,EXTENSIVE O.R. PROCEDURES UNRELATED TO PRINCIPAL DIAGNOSIS WITH CC,2.5412,4.7,6.2,"$14,971.35 "
983,EXTENSIVE O.R. PROCEDURES UNRELATED TO PRINCIPAL DIAGNOSIS WITHOUT CC/MCC,1.6548,2.3,3,"$9,749.17 "
985,PROSTATIC O.R. PROCEDURE UNRELATED TO PRINCIPAL DIAGNOSIS W CC,,,,
987,NON-EXTENSIVE O.R. PROCEDURES UNRELATED TO PRINCIPAL DIAGNOSIS WITH MCC,3.2621,7.7,10.4,"$19,218.50 "
988,NON-EXTENSIVE O.R. PROCEDURES UNRELATED TO PRINCIPAL DIAGNOSIS WITH CC,1.6807,4.3,5.7,"$9,901.76 "
989,NON-EXTENSIVE O.R. PROCEDURES UNRELATED TO PRINCIPAL DIAGNOSIS WITHOUT CC/MCC,1.1159,2.3,3,"$6,574.27 "
998,PRINCIPAL DIAGNOSIS INVALID AS DISCHARGE DIAGNOSIS,,,,
999,UNGROUPABLE,,,,